gr.id,smp.id,Repetition,Year,State,Type,JDctr,det.id,distance,vis.id,size
183,365,1,2006,MO,CONTROL,0,1,401.63,2006_1,1
183,365,1,2006,MO,CONTROL,0,2,286.23,2006_1,1
183,365,1,2006,MO,CONTROL,0,3,327.86,2006_1,1
183,365,1,2006,MO,CONTROL,0,4,212.92,2006_1,1
183,365,1,2006,MO,CONTROL,0,5,297.41,2006_1,1
183,365,1,2007,MO,CONTROL,9,6,270,2007_1,1
183,365,1,2008,MO,CONTROL,-11,NA,NA,2008_1,NA
183,366,1,2006,MO,TREAT,0,7,186.04,2006_1,1
183,366,1,2006,MO,TREAT,0,8,124.5,2006_1,1
183,366,1,2006,MO,TREAT,0,9,105.46,2006_1,1
183,366,1,2006,MO,TREAT,0,10,141.56,2006_1,1
183,366,1,2007,MO,TREAT,9,11,447,2007_1,1
183,366,1,2008,MO,TREAT,-11,NA,NA,2008_1,NA
184,367,1,2006,MO,CONTROL,3,NA,NA,2006_1,NA
184,367,1,2007,MO,CONTROL,3,NA,NA,2007_1,NA
184,367,1,2008,MO,CONTROL,-14,NA,NA,2008_1,NA
184,368,1,2006,MO,TREAT,3,NA,NA,2006_1,NA
184,368,1,2007,MO,TREAT,3,NA,NA,2007_1,NA
184,368,1,2008,MO,TREAT,-14,NA,NA,2008_1,NA
185,369,1,2006,MO,CONTROL,-8,NA,NA,2006_1,NA
185,369,1,2007,MO,CONTROL,-18,12,447,2007_1,1
185,369,1,2007,MO,CONTROL,-18,13,438,2007_1,1
185,369,1,2007,MO,CONTROL,-18,14,222,2007_1,1
185,369,1,2007,MO,CONTROL,-18,15,205,2007_1,1
185,369,1,2008,MO,CONTROL,-8,16,239,2008_1,1
185,369,1,2008,MO,CONTROL,-8,17,181,2008_1,1
185,370,1,2006,MO,TREAT,-8,18,386.66,2006_1,1
185,370,1,2006,MO,TREAT,-8,19,336.05,2006_1,1
185,370,1,2006,MO,TREAT,-8,20,337.83,2006_1,1
185,370,1,2007,MO,TREAT,-18,21,220,2007_1,1
185,370,1,2007,MO,TREAT,-18,22,130,2007_1,1
185,370,1,2007,MO,TREAT,-18,23,93,2007_1,1
185,370,1,2007,MO,TREAT,-18,24,72,2007_1,1
185,370,1,2008,MO,TREAT,-8,NA,NA,2008_1,NA
186,371,1,2006,MO,CONTROL,-17,25,436.57,2006_1,1
186,371,1,2006,MO,CONTROL,-17,26,384.73,2006_1,1
186,371,1,2006,MO,CONTROL,-17,27,137.53,2006_1,1
186,371,1,2007,MO,CONTROL,-19,28,244,2007_1,1
186,371,1,2007,MO,CONTROL,-19,29,201,2007_1,1
186,371,1,2007,MO,CONTROL,-19,30,363,2007_1,1
186,371,1,2007,MO,CONTROL,-19,31,216,2007_1,1
186,371,1,2007,MO,CONTROL,-19,32,228,2007_1,1
186,371,1,2008,MO,CONTROL,-12,33,208,2008_1,1
186,372,1,2006,MO,TREAT,-17,34,334.41,2006_1,1
186,372,1,2007,MO,TREAT,-19,35,305,2007_1,1
186,372,1,2007,MO,TREAT,-19,36,217,2007_1,1
186,372,1,2008,MO,TREAT,-12,37,489,2008_1,1
186,372,1,2008,MO,TREAT,-12,38,423,2008_1,1
187,373,1,2006,MO,CONTROL,-23,39,467.77,2006_1,1
187,373,1,2006,MO,CONTROL,-23,40,484.41,2006_1,1
187,373,1,2007,MO,CONTROL,-11,41,452,2007_1,1
187,373,1,2007,MO,CONTROL,-11,NA,NA,2007_1,NA
187,373,1,2007,MO,CONTROL,-11,NA,NA,2007_1,NA
187,373,1,2008,MO,CONTROL,-6,42,304,2008_1,1
187,373,1,2008,MO,CONTROL,-6,43,362,2008_1,1
187,374,1,2006,MO,TREAT,-23,44,158.28,2006_1,1
187,374,1,2006,MO,TREAT,-23,45,99.85,2006_1,1
187,374,1,2006,MO,TREAT,-23,46,351.59,2006_1,1
187,374,1,2007,MO,TREAT,-11,47,249,2007_1,1
187,374,1,2007,MO,TREAT,-11,48,228,2007_1,1
187,374,1,2007,MO,TREAT,-11,49,243,2007_1,1
187,374,1,2007,MO,TREAT,-11,50,139,2007_1,1
187,374,1,2008,MO,TREAT,-6,51,117,2008_1,1
187,374,1,2008,MO,TREAT,-6,52,236,2008_1,1
188,375,1,2006,MO,CONTROL,-24,53,278.83,2006_1,1
188,375,1,2006,MO,CONTROL,-24,54,390.13,2006_1,1
188,375,1,2006,MO,CONTROL,-24,55,299.25,2006_1,1
188,375,1,2007,MO,CONTROL,-17,NA,NA,2007_1,NA
188,375,1,2008,MO,CONTROL,-5,NA,NA,2008_1,NA
188,376,1,2006,MO,TREAT,-24,56,238.9,2006_1,1
188,376,1,2006,MO,TREAT,-24,57,379.93,2006_1,1
188,376,1,2006,MO,TREAT,-24,58,164.09,2006_1,1
188,376,1,2006,MO,TREAT,-24,NA,NA,2006_1,NA
188,376,1,2006,MO,TREAT,-24,59,246.87,2006_1,1
188,376,1,2006,MO,TREAT,-24,60,365.14,2006_1,1
188,376,1,2007,MO,TREAT,-17,61,324,2007_1,1
188,376,1,2007,MO,TREAT,-17,62,464,2007_1,1
188,376,1,2008,MO,TREAT,-5,63,216,2008_1,1
188,376,1,2008,MO,TREAT,-5,64,275,2008_1,1
188,376,1,2008,MO,TREAT,-5,65,410,2008_1,1
189,377,1,2006,MO,CONTROL,2,66,150.79,2006_1,1
189,377,1,2006,MO,CONTROL,2,67,136.02,2006_1,1
189,377,1,2006,MO,CONTROL,2,68,222,2006_1,1
189,377,1,2006,MO,CONTROL,2,69,384.03,2006_1,1
189,377,1,2007,MO,CONTROL,-18,70,80,2007_1,1
189,377,1,2007,MO,CONTROL,-18,71,242,2007_1,1
189,377,1,2007,MO,CONTROL,-18,72,83,2007_1,1
189,377,1,2007,MO,CONTROL,-18,73,323,2007_1,1
189,377,1,2008,MO,CONTROL,-14,NA,NA,2008_1,NA
189,378,1,2006,MO,TREAT,2,NA,NA,2006_1,NA
189,378,1,2007,MO,TREAT,-19,74,350,2007_1,1
189,378,1,2007,MO,TREAT,-19,75,116,2007_1,1
189,378,1,2008,MO,TREAT,-14,NA,NA,2008_1,NA
190,379,1,2006,MO,CONTROL,-21,76,332.28,2006_1,1
190,379,1,2006,MO,CONTROL,-21,77,297.71,2006_1,1
190,379,1,2006,MO,CONTROL,-21,78,269.95,2006_1,1
190,379,1,2006,MO,CONTROL,-21,79,398.42,2006_1,1
190,379,1,2006,MO,CONTROL,-21,80,402.33,2006_1,1
190,379,1,2006,MO,CONTROL,-21,81,457.39,2006_1,1
190,379,1,2007,MO,CONTROL,-16,82,142,2007_1,1
190,379,1,2007,MO,CONTROL,-16,83,199,2007_1,1
190,379,1,2007,MO,CONTROL,-16,84,80,2007_1,1
190,379,1,2008,MO,CONTROL,-4,85,222,2008_1,1
190,379,1,2008,MO,CONTROL,-4,86,157,2008_1,1
190,379,1,2008,MO,CONTROL,-4,87,366,2008_1,1
190,379,1,2008,MO,CONTROL,-4,88,275,2008_1,1
190,380,1,2006,MO,TREAT,-21,89,181.66,2006_1,1
190,380,1,2006,MO,TREAT,-21,90,345.21,2006_1,1
190,380,1,2006,MO,TREAT,-21,91,429.21,2006_1,1
190,380,1,2007,MO,TREAT,-16,92,208,2007_1,1
190,380,1,2007,MO,TREAT,-16,93,296,2007_1,1
190,380,1,2008,MO,TREAT,-4,94,194,2008_1,1
190,380,1,2008,MO,TREAT,-4,95,126,2008_1,1
191,381,1,2006,MO,CONTROL,-14,96,374.43,2006_1,1
191,381,1,2006,MO,CONTROL,-14,97,497.58,2006_1,1
191,381,1,2007,MO,CONTROL,-20,98,303,2007_1,1
191,381,1,2007,MO,CONTROL,-20,99,275,2007_1,1
191,381,1,2008,MO,CONTROL,-15,100,411,2008_1,1
191,381,1,2008,MO,CONTROL,-15,101,434,2008_1,1
191,381,1,2008,MO,CONTROL,-15,102,439,2008_1,1
191,381,1,2008,MO,CONTROL,-15,103,321,2008_1,1
191,382,1,2006,MO,TREAT,-14,104,282.48,2006_1,1
191,382,1,2006,MO,TREAT,-14,105,285.1,2006_1,1
191,382,1,2007,MO,TREAT,-20,106,134,2007_1,1
191,382,1,2007,MO,TREAT,-20,107,206,2007_1,1
191,382,1,2008,MO,TREAT,-15,108,188,2008_1,1
191,382,1,2008,MO,TREAT,-15,109,177,2008_1,1
191,382,1,2008,MO,TREAT,-15,110,216,2008_1,1
191,382,1,2008,MO,TREAT,-15,111,271,2008_1,1
192,383,1,2006,MO,CONTROL,-20,112,139.79,2006_1,1
192,383,1,2006,MO,CONTROL,-20,113,404.9,2006_1,1
192,383,1,2006,MO,CONTROL,-20,114,283.79,2006_1,1
192,383,1,2006,MO,CONTROL,-20,115,347.97,2006_1,1
192,383,1,2007,MO,CONTROL,-17,116,238,2007_1,1
192,383,1,2007,MO,CONTROL,-17,117,226,2007_1,1
192,383,1,2007,MO,CONTROL,-17,118,275,2007_1,1
192,383,1,2007,MO,CONTROL,-17,119,420,2007_1,1
192,383,1,2007,MO,CONTROL,-17,120,338,2007_1,1
192,383,1,2008,MO,CONTROL,10,121,388,2008_1,1
192,383,1,2008,MO,CONTROL,10,122,132,2008_1,1
192,383,1,2008,MO,CONTROL,10,123,299,2008_1,1
192,383,1,2008,MO,CONTROL,10,124,129,2008_1,1
192,383,1,2008,MO,CONTROL,10,125,334,2008_1,1
192,384,1,2006,MO,TREAT,-20,126,337.37,2006_1,1
192,384,1,2006,MO,TREAT,-20,127,363.38,2006_1,1
192,384,1,2006,MO,TREAT,-20,128,135.03,2006_1,1
192,384,1,2006,MO,TREAT,-20,129,230.93,2006_1,1
192,384,1,2006,MO,TREAT,-20,130,265.93,2006_1,1
192,384,1,2006,MO,TREAT,-20,131,412.99,2006_1,1
192,384,1,2006,MO,TREAT,-20,132,307.91,2006_1,1
192,384,1,2007,MO,TREAT,-17,133,295,2007_1,1
192,384,1,2007,MO,TREAT,-17,134,445,2007_1,1
192,384,1,2007,MO,TREAT,-17,135,236,2007_1,1
192,384,1,2007,MO,TREAT,-17,136,207,2007_1,1
192,384,1,2008,MO,TREAT,10,137,239,2008_1,1
192,384,1,2008,MO,TREAT,10,138,443,2008_1,1
193,385,1,2006,MO,CONTROL,-13,139,162.69,2006_1,1
193,385,1,2006,MO,CONTROL,-13,140,219.68,2006_1,1
193,385,1,2006,MO,CONTROL,-13,141,270.34,2006_1,1
193,385,1,2007,MO,CONTROL,-10,142,418,2007_1,1
193,385,1,2007,MO,CONTROL,-10,143,201,2007_1,1
193,385,1,2008,MO,CONTROL,-7,144,96,2008_1,1
193,385,1,2008,MO,CONTROL,-7,145,119,2008_1,1
193,385,1,2008,MO,CONTROL,-7,146,198,2008_1,1
193,385,1,2008,MO,CONTROL,-7,147,258,2008_1,1
193,386,1,2006,MO,TREAT,-13,148,468.4,2006_1,1
193,386,1,2006,MO,TREAT,-13,149,331.2,2006_1,1
193,386,1,2006,MO,TREAT,-13,150,252.35,2006_1,1
193,386,1,2006,MO,TREAT,-13,151,427.85,2006_1,1
193,386,1,2007,MO,TREAT,-10,152,228,2007_1,1
193,386,1,2007,MO,TREAT,-10,153,215,2007_1,1
193,386,1,2007,MO,TREAT,-10,154,233,2007_1,1
193,386,1,2008,MO,TREAT,-7,155,119,2008_1,1
193,386,1,2008,MO,TREAT,-7,156,224,2008_1,1
194,387,1,2006,MO,CONTROL,6,NA,NA,2006_1,NA
194,387,1,2007,MO,CONTROL,-12,NA,NA,2007_1,NA
194,387,1,2008,MO,CONTROL,-11,157,156,2008_1,1
194,388,1,2006,MO,TREAT,6,NA,NA,2006_1,NA
194,388,1,2007,MO,TREAT,-12,158,428,2007_1,1
194,388,1,2007,MO,TREAT,-12,159,333,2007_1,1
194,388,1,2007,MO,TREAT,-12,160,201,2007_1,1
194,388,1,2008,MO,TREAT,-11,161,177,2008_1,1
194,388,1,2008,MO,TREAT,-11,162,294,2008_1,1
195,389,1,2006,MO,CONTROL,4,NA,NA,2006_1,NA
195,389,1,2007,MO,CONTROL,-11,NA,NA,2007_1,NA
195,389,1,2008,MO,CONTROL,-12,NA,NA,2008_1,NA
195,390,1,2006,MO,TREAT,4,NA,NA,2006_1,NA
195,390,1,2007,MO,TREAT,-11,NA,NA,2007_1,NA
195,390,1,2008,MO,TREAT,-12,NA,NA,2008_1,NA
196,391,1,2006,MO,CONTROL,5,163,417.96,2006_1,1
196,391,1,2007,MO,CONTROL,-10,NA,NA,2007_1,NA
196,391,1,2008,MO,CONTROL,-13,NA,NA,2008_1,NA
196,392,1,2006,MO,TREAT,5,NA,NA,2006_1,NA
196,392,1,2007,MO,TREAT,-10,NA,NA,2007_1,NA
196,392,1,2008,MO,TREAT,-13,NA,NA,2008_1,NA
197,393,1,2006,MO,CONTROL,-5,164,461.94,2006_1,1
197,393,1,2007,MO,CONTROL,-1,NA,NA,2007_1,NA
197,393,1,2008,MO,CONTROL,-19,165,156,2008_1,1
197,393,1,2008,MO,CONTROL,-19,166,335,2008_1,1
197,394,1,2006,MO,TREAT,-5,NA,NA,2006_1,NA
197,394,1,2007,MO,TREAT,-1,NA,NA,2007_1,NA
197,394,1,2008,MO,TREAT,-19,NA,NA,2008_1,NA
198,395,1,2006,MO,CONTROL,-1,NA,NA,2006_1,NA
198,395,1,2007,MO,CONTROL,-3,NA,NA,2007_1,NA
198,395,1,2008,MO,CONTROL,0,NA,NA,2008_1,NA
198,396,1,2006,MO,TREAT,-1,167,160.03,2006_1,1
198,396,1,2007,MO,TREAT,-3,168,182,2007_1,1
198,396,1,2008,MO,TREAT,0,169,219,2008_1,1
198,396,1,2008,MO,TREAT,0,170,404,2008_1,1
199,397,1,2006,MO,CONTROL,0,171,489.52,2006_1,1
199,397,1,2006,MO,CONTROL,0,172,453.99,2006_1,1
199,397,1,2006,MO,CONTROL,0,173,453.92,2006_1,1
199,397,1,2007,MO,CONTROL,-1,174,482,2007_1,1
199,397,1,2007,MO,CONTROL,-1,NA,NA,2007_1,NA
199,397,1,2007,MO,CONTROL,-1,NA,NA,2007_1,NA
199,397,1,2008,MO,CONTROL,2,NA,NA,2008_1,NA
199,398,1,2006,MO,TREAT,0,NA,NA,2006_1,NA
199,398,1,2007,MO,TREAT,-1,NA,NA,2007_1,NA
199,398,1,2008,MO,TREAT,2,NA,NA,2008_1,NA
200,399,1,2006,MO,CONTROL,1,NA,NA,2006_1,NA
200,399,1,2007,MO,CONTROL,7,175,388,2007_1,1
200,399,1,2007,MO,CONTROL,7,176,296,2007_1,1
200,399,1,2008,MO,CONTROL,3,NA,NA,2008_1,NA
200,400,1,2006,MO,TREAT,1,177,179.1,2006_1,1
200,400,1,2006,MO,TREAT,1,178,313.24,2006_1,1
200,400,1,2006,MO,TREAT,1,179,164.23,2006_1,1
200,400,1,2006,MO,TREAT,1,180,375,2006_1,1
200,400,1,2006,MO,TREAT,1,181,329.97,2006_1,1
200,400,1,2007,MO,TREAT,9,182,369,2007_1,1
200,400,1,2007,MO,TREAT,9,183,227,2007_1,1
200,400,1,2007,MO,TREAT,9,184,367,2007_1,1
200,400,1,2007,MO,TREAT,9,185,320,2007_1,1
200,400,1,2007,MO,TREAT,9,186,189,2007_1,1
200,400,1,2007,MO,TREAT,9,187,400,2007_1,1
200,400,1,2007,MO,TREAT,9,188,268,2007_1,1
200,400,1,2007,MO,TREAT,9,189,178,2007_1,1
200,400,1,2008,MO,TREAT,3,190,91,2008_1,1
200,400,1,2008,MO,TREAT,3,191,212,2008_1,1
200,400,1,2008,MO,TREAT,3,192,149,2008_1,1
237,401,1,2006,MO,CONTROL,8,193,173.76,2006_1,1
237,401,1,2006,MO,CONTROL,8,194,167.66,2006_1,1
237,401,1,2006,MO,CONTROL,8,195,183.61,2006_1,1
237,401,1,2006,MO,CONTROL,8,196,73.06,2006_1,1
237,401,1,2007,MO,CONTROL,-23,197,122,2007_1,1
237,401,1,2007,MO,CONTROL,-23,198,148,2007_1,1
237,401,1,2007,MO,CONTROL,-23,199,273,2007_1,1
237,401,1,2007,MO,CONTROL,-23,200,177,2007_1,1
237,401,1,2007,MO,CONTROL,-23,201,334,2007_1,1
237,401,1,2008,MO,CONTROL,-17,202,429,2008_1,1
237,401,1,2008,MO,CONTROL,-17,203,310,2008_1,1
237,401,1,2008,MO,CONTROL,-17,204,276,2008_1,1
237,401,1,2008,MO,CONTROL,-17,205,366,2008_1,1
237,401,1,2008,MO,CONTROL,-17,206,440,2008_1,1
237,402,1,2006,MO,TREAT,8,207,74.77,2006_1,1
237,402,1,2006,MO,TREAT,8,208,166.92,2006_1,1
237,402,1,2006,MO,TREAT,8,209,101.98,2006_1,1
237,402,1,2006,MO,TREAT,8,210,129.98,2006_1,1
237,402,1,2007,MO,TREAT,-25,211,298,2007_1,1
237,402,1,2007,MO,TREAT,-25,212,213,2007_1,1
237,402,1,2007,MO,TREAT,-25,213,284,2007_1,1
237,402,1,2007,MO,TREAT,-25,214,193,2007_1,1
237,402,1,2008,MO,TREAT,-17,215,243,2008_1,1
237,402,1,2008,MO,TREAT,-17,216,324,2008_1,1
238,403,1,2006,MO,CONTROL,6,217,251.46,2006_1,1
238,403,1,2006,MO,CONTROL,6,218,310.04,2006_1,1
238,403,1,2006,MO,CONTROL,6,219,202.07,2006_1,1
238,403,1,2006,MO,CONTROL,6,220,153.04,2006_1,1
238,403,1,2007,MO,CONTROL,-19,221,235,2007_1,1
238,403,1,2007,MO,CONTROL,-19,222,424,2007_1,1
238,403,1,2007,MO,CONTROL,-19,223,260,2007_1,1
238,403,1,2008,MO,CONTROL,6,224,116,2008_1,1
238,403,1,2008,MO,CONTROL,6,225,80,2008_1,1
238,403,1,2008,MO,CONTROL,6,226,235,2008_1,1
238,404,1,2006,MO,TREAT,6,227,324.39,2006_1,1
238,404,1,2006,MO,TREAT,6,228,265.79,2006_1,1
238,404,1,2006,MO,TREAT,6,229,165.17,2006_1,1
238,404,1,2006,MO,TREAT,6,230,167.97,2006_1,1
238,404,1,2006,MO,TREAT,6,231,182.86,2006_1,1
238,404,1,2006,MO,TREAT,6,232,241.62,2006_1,1
238,404,1,2007,MO,TREAT,-19,233,414,2007_1,1
238,404,1,2007,MO,TREAT,-19,234,486,2007_1,1
238,404,1,2008,MO,TREAT,6,NA,NA,2008_1,NA
239,405,1,2006,MO,CONTROL,-8,NA,NA,2006_1,NA
239,405,1,2007,MO,CONTROL,-6,NA,NA,2007_1,NA
239,405,1,2008,MO,CONTROL,4,235,190,2008_1,1
239,405,1,2008,MO,CONTROL,4,236,331,2008_1,1
239,406,1,2006,MO,TREAT,-8,NA,NA,2006_1,NA
239,406,1,2007,MO,TREAT,-6,NA,NA,2007_1,NA
239,406,1,2008,MO,TREAT,4,237,332,2008_1,1
240,407,1,2006,MO,CONTROL,-7,238,487.32,2006_1,1
240,407,1,2006,MO,CONTROL,-7,239,334.16,2006_1,1
240,407,1,2007,MO,CONTROL,-9,NA,NA,2007_1,NA
240,407,1,2008,MO,CONTROL,5,NA,NA,2008_1,NA
240,408,1,2006,MO,TREAT,-7,NA,NA,2006_1,NA
240,408,1,2007,MO,TREAT,-9,NA,NA,2007_1,NA
240,408,1,2008,MO,TREAT,5,NA,NA,2008_1,NA
241,409,1,2007,MO,CONTROL,-5,NA,NA,2007_1,NA
241,409,1,2008,MO,CONTROL,0,NA,NA,2008_1,NA
241,410,1,2007,MO,TREAT,-5,240,232,2007_1,1
241,410,1,2008,MO,TREAT,0,NA,NA,2008_1,NA
242,411,1,2006,MO,CONTROL,-11,241,250.11,2006_1,1
242,411,1,2006,MO,CONTROL,-11,NA,NA,2006_1,NA
242,411,1,2006,MO,CONTROL,-11,NA,NA,2006_1,NA
242,412,1,2006,MO,TREAT,-11,242,243.1,2006_1,1
242,412,1,2006,MO,TREAT,-11,243,293.37,2006_1,1
243,413,1,2006,MO,CONTROL,-11,244,258.85,2006_1,1
243,413,1,2006,MO,CONTROL,-11,245,199.24,2006_1,1
243,413,1,2006,MO,CONTROL,-11,246,235.07,2006_1,1
243,413,1,2006,MO,CONTROL,-11,247,217.59,2006_1,1
243,413,1,2007,MO,CONTROL,8,NA,NA,2007_1,NA
243,413,1,2008,MO,CONTROL,-20,NA,NA,2008_1,NA
243,414,1,2006,MO,TREAT,-11,248,184.01,2006_1,1
243,414,1,2006,MO,TREAT,-11,249,122.1,2006_1,1
243,414,1,2006,MO,TREAT,-11,250,131.27,2006_1,1
243,414,1,2006,MO,TREAT,-11,251,105.3,2006_1,1
243,414,1,2007,MO,TREAT,8,252,336,2007_1,1
243,414,1,2007,MO,TREAT,8,253,265,2007_1,1
243,414,1,2007,MO,TREAT,8,254,214,2007_1,1
243,414,1,2008,MO,TREAT,-20,255,86,2008_1,1
243,414,1,2008,MO,TREAT,-20,256,17,2008_1,1
243,414,1,2008,MO,TREAT,-20,257,230,2008_1,1
243,414,1,2008,MO,TREAT,-20,258,195,2008_1,1
201,415,1,2006,MO,CONTROL,5,NA,NA,2006_1,NA
201,415,1,2007,MO,CONTROL,2,259,181,2007_1,1
201,415,1,2007,MO,CONTROL,2,260,38,2007_1,1
201,415,1,2007,MO,CONTROL,2,261,177,2007_1,1
201,415,1,2007,MO,CONTROL,2,262,175,2007_1,1
201,415,1,2007,MO,CONTROL,2,263,200,2007_1,1
201,415,1,2008,MO,CONTROL,-19,264,150,2008_1,1
201,415,1,2008,MO,CONTROL,-19,265,377,2008_1,1
201,415,1,2008,MO,CONTROL,-19,266,208,2008_1,1
201,415,1,2008,MO,CONTROL,-19,267,433,2008_1,1
201,415,1,2008,MO,CONTROL,-19,268,379,2008_1,1
201,415,1,2008,MO,CONTROL,-19,269,119,2008_1,1
201,416,1,2006,MO,TREAT,5,NA,NA,2006_1,NA
201,416,1,2007,MO,TREAT,2,270,378,2007_1,1
201,416,1,2007,MO,TREAT,2,271,106,2007_1,1
201,416,1,2008,MO,TREAT,-19,272,487,2008_1,1
201,416,1,2008,MO,TREAT,-19,273,444,2008_1,1
201,416,1,2008,MO,TREAT,-19,274,313,2008_1,1
202,417,1,2006,MO,CONTROL,4,NA,NA,2006_1,NA
202,417,1,2007,MO,CONTROL,4,NA,NA,2007_1,NA
202,417,1,2008,MO,CONTROL,-20,275,481,2008_1,1
202,417,1,2008,MO,CONTROL,-20,276,433,2008_1,1
202,418,1,2006,MO,TREAT,4,277,60.91,2006_1,1
202,418,1,2006,MO,TREAT,4,278,177.5,2006_1,1
202,418,1,2007,MO,TREAT,4,279,116,2007_1,1
202,418,1,2007,MO,TREAT,4,280,115,2007_1,1
202,418,1,2008,MO,TREAT,-20,281,226,2008_1,1
202,418,1,2008,MO,TREAT,-20,282,308,2008_1,1
202,418,1,2008,MO,TREAT,-20,283,306,2008_1,1
203,419,1,2006,MO,CONTROL,2,NA,NA,2006_1,NA
203,419,1,2007,MO,CONTROL,5,284,175,2007_1,1
203,419,1,2007,MO,CONTROL,5,285,175,2007_1,1
203,419,1,2007,MO,CONTROL,5,286,375,2007_1,1
203,419,1,2007,MO,CONTROL,5,287,175,2007_1,1
203,419,1,2008,MO,CONTROL,-18,288,192,2008_1,1
203,419,1,2008,MO,CONTROL,-18,289,288,2008_1,1
203,420,1,2006,MO,TREAT,2,NA,NA,2006_1,NA
203,420,1,2007,MO,TREAT,5,290,171,2007_1,1
203,420,1,2007,MO,TREAT,5,291,231,2007_1,1
203,420,1,2007,MO,TREAT,5,292,140,2007_1,1
203,420,1,2007,MO,TREAT,5,293,182,2007_1,1
203,420,1,2007,MO,TREAT,5,294,172,2007_1,1
203,420,1,2008,MO,TREAT,-18,295,281,2008_1,1
204,421,1,2006,MO,CONTROL,-1,NA,NA,2006_1,NA
204,421,1,2007,MO,CONTROL,5,296,485,2007_1,1
204,421,1,2008,MO,CONTROL,-13,NA,NA,2008_1,NA
204,422,1,2006,MO,TREAT,-1,NA,NA,2006_1,NA
204,422,1,2007,MO,TREAT,5,297,152,2007_1,1
204,422,1,2008,MO,TREAT,-13,NA,NA,2008_1,NA
205,423,1,2006,MO,CONTROL,2,NA,NA,2006_1,NA
205,423,1,2007,MO,CONTROL,4,298,405,2007_1,1
205,423,1,2008,MO,CONTROL,-12,299,181,2008_1,1
205,423,1,2008,MO,CONTROL,-12,300,232,2008_1,1
205,424,1,2006,MO,TREAT,2,301,115.37,2006_1,1
205,424,1,2007,MO,TREAT,4,NA,NA,2007_1,NA
205,424,1,2008,MO,TREAT,-12,NA,NA,2008_1,NA
206,425,1,2006,MO,CONTROL,-23,302,321.26,2006_1,1
206,425,1,2006,MO,CONTROL,-23,303,330.96,2006_1,1
206,425,1,2006,MO,CONTROL,-23,304,383.4,2006_1,1
206,425,1,2007,MO,CONTROL,-3,305,208,2007_1,1
206,425,1,2008,MO,CONTROL,-21,NA,NA,2008_1,NA
206,426,1,2006,MO,TREAT,-23,306,209.38,2006_1,1
206,426,1,2007,MO,TREAT,-3,NA,NA,2007_1,NA
206,426,1,2008,MO,TREAT,-21,NA,NA,2008_1,NA
207,427,1,2006,MO,CONTROL,-24,307,225,2006_1,1
207,427,1,2006,MO,CONTROL,-24,308,199,2006_1,1
207,427,1,2006,MO,CONTROL,-24,309,231,2006_1,1
207,427,1,2007,MO,CONTROL,9,NA,NA,2007_1,NA
207,427,1,2008,MO,CONTROL,-1,NA,NA,2008_1,NA
207,428,1,2006,MO,TREAT,-24,310,254,2006_1,1
207,428,1,2006,MO,TREAT,-24,311,247,2006_1,1
207,428,1,2006,MO,TREAT,-24,312,350,2006_1,1
207,428,1,2006,MO,TREAT,-24,313,292,2006_1,1
207,428,1,2006,MO,TREAT,-24,314,277,2006_1,1
207,428,1,2007,MO,TREAT,9,315,293,2007_1,1
207,428,1,2007,MO,TREAT,9,316,212,2007_1,1
207,428,1,2007,MO,TREAT,9,317,263,2007_1,1
207,428,1,2008,MO,TREAT,-1,NA,NA,2008_1,NA
207,428,1,2008,MO,TREAT,-1,NA,NA,2008_1,NA
207,428,1,2008,MO,TREAT,-1,NA,NA,2008_1,NA
208,429,1,2006,MO,CONTROL,-12,318,260.58,2006_1,1
208,429,1,2006,MO,CONTROL,-12,319,490.4,2006_1,1
208,429,1,2006,MO,CONTROL,-12,NA,NA,2006_1,NA
208,429,1,2006,MO,CONTROL,-12,320,488.91,2006_1,1
208,429,1,2006,MO,CONTROL,-12,321,447.9,2006_1,1
208,429,1,2006,MO,CONTROL,-12,322,397.73,2006_1,1
208,429,1,2006,MO,CONTROL,-12,323,450.25,2006_1,1
208,429,1,2006,MO,CONTROL,-12,324,313.93,2006_1,1
208,429,1,2006,MO,CONTROL,-12,325,135.01,2006_1,1
208,429,1,2006,MO,CONTROL,-12,NA,NA,2006_1,NA
208,429,1,2007,MO,CONTROL,-12,326,134,2007_1,1
208,429,1,2007,MO,CONTROL,-12,327,264,2007_1,1
208,429,1,2007,MO,CONTROL,-12,328,193,2007_1,1
208,429,1,2008,MO,CONTROL,7,329,91,2008_1,1
208,430,1,2006,MO,TREAT,-12,330,238.31,2006_1,1
208,430,1,2006,MO,TREAT,-12,331,114.65,2006_1,1
208,430,1,2006,MO,TREAT,-12,332,120.08,2006_1,1
208,430,1,2006,MO,TREAT,-12,333,132.23,2006_1,1
208,430,1,2007,MO,TREAT,-12,334,213,2007_1,1
208,430,1,2007,MO,TREAT,-12,335,268,2007_1,1
208,430,1,2007,MO,TREAT,-12,336,121,2007_1,1
208,430,1,2008,MO,TREAT,7,NA,NA,2008_1,NA
209,431,1,2006,MO,CONTROL,8,NA,NA,2006_1,NA
209,431,1,2007,MO,CONTROL,6,NA,NA,2007_1,NA
209,431,1,2008,MO,CONTROL,9,NA,NA,2008_1,NA
209,432,1,2006,MO,TREAT,8,337,448.89,2006_1,1
209,432,1,2007,MO,TREAT,5,NA,NA,2007_1,NA
209,432,1,2008,MO,TREAT,9,NA,NA,2008_1,NA
210,433,1,2006,MO,CONTROL,5,NA,NA,2006_1,NA
210,433,1,2007,MO,CONTROL,11,NA,NA,2007_1,NA
210,433,1,2008,MO,CONTROL,-6,338,138,2008_1,1
210,433,1,2008,MO,CONTROL,-6,339,283,2008_1,1
210,433,1,2008,MO,CONTROL,-6,340,420,2008_1,1
210,433,1,2008,MO,CONTROL,-6,341,442,2008_1,1
210,434,1,2006,MO,TREAT,5,NA,NA,2006_1,NA
210,434,1,2007,MO,TREAT,11,NA,NA,2007_1,NA
210,434,1,2008,MO,TREAT,-6,NA,NA,2008_1,NA
211,435,1,2006,MO,CONTROL,-11,342,151.38,2006_1,1
211,435,1,2006,MO,CONTROL,-11,343,411.78,2006_1,1
211,435,1,2006,MO,CONTROL,-11,344,190.43,2006_1,1
211,435,1,2006,MO,CONTROL,-11,345,405.15,2006_1,1
211,435,1,2006,MO,CONTROL,-11,346,379.54,2006_1,1
211,435,1,2006,MO,CONTROL,-11,347,405.37,2006_1,1
211,435,1,2006,MO,CONTROL,-11,348,431.48,2006_1,1
211,435,1,2006,MO,CONTROL,-11,349,394.21,2006_1,1
211,435,1,2007,MO,CONTROL,3,NA,NA,2007_1,NA
211,435,1,2008,MO,CONTROL,-18,350,166,2008_1,1
211,435,1,2008,MO,CONTROL,-18,351,205,2008_1,1
211,435,1,2008,MO,CONTROL,-18,352,165,2008_1,1
211,436,1,2006,MO,TREAT,-11,353,392.69,2006_1,1
211,436,1,2006,MO,TREAT,-11,354,489.56,2006_1,1
211,436,1,2006,MO,TREAT,-11,355,284.68,2006_1,1
211,436,1,2006,MO,TREAT,-11,356,491.52,2006_1,1
211,436,1,2006,MO,TREAT,-11,357,189.36,2006_1,1
211,436,1,2006,MO,TREAT,-11,358,474.44,2006_1,1
211,436,1,2006,MO,TREAT,-11,359,303.65,2006_1,1
211,436,1,2007,MO,TREAT,3,NA,NA,2007_1,NA
211,436,1,2008,MO,TREAT,-18,NA,NA,2008_1,NA
212,437,1,2006,MO,CONTROL,-7,360,295.07,2006_1,1
212,437,1,2006,MO,CONTROL,-7,361,353.83,2006_1,1
212,437,1,2006,MO,CONTROL,-7,362,172.35,2006_1,1
212,437,1,2006,MO,CONTROL,-7,363,486.39,2006_1,1
212,437,1,2006,MO,CONTROL,-7,NA,NA,2006_1,NA
212,437,1,2006,MO,CONTROL,-7,NA,NA,2006_1,NA
212,438,1,2006,MO,TREAT,-7,364,448.87,2006_1,1
212,438,1,2006,MO,TREAT,-7,365,378.6,2006_1,1
212,438,1,2006,MO,TREAT,-7,366,408.81,2006_1,1
212,438,1,2006,MO,TREAT,-7,367,101.6,2006_1,1
212,438,1,2006,MO,TREAT,-7,368,126.27,2006_1,1
213,439,1,2006,MO,CONTROL,-6,NA,NA,2006_1,NA
213,440,1,2006,MO,TREAT,-6,369,434.51,2006_1,1
214,441,1,2006,MO,CONTROL,1,NA,NA,2006_1,NA
214,441,1,2006,MO,CONTROL,1,370,287.36,2006_1,1
214,441,1,2006,MO,CONTROL,1,371,369.94,2006_1,1
214,441,1,2007,MO,CONTROL,-9,NA,NA,2007_1,NA
214,441,1,2008,MO,CONTROL,10,NA,NA,2008_1,NA
214,442,1,2006,MO,TREAT,1,372,351.2,2006_1,1
214,442,1,2006,MO,TREAT,1,373,317.91,2006_1,1
214,442,1,2007,MO,TREAT,-9,374,224,2007_1,1
214,442,1,2007,MO,TREAT,-9,375,319,2007_1,1
214,442,1,2007,MO,TREAT,-9,376,167,2007_1,1
214,442,1,2008,MO,TREAT,10,377,168,2008_1,1
215,443,1,2006,MO,CONTROL,4,NA,NA,2006_1,NA
215,443,1,2007,MO,CONTROL,1,NA,NA,2007_1,NA
215,443,1,2008,MO,CONTROL,-4,NA,NA,2008_1,NA
215,444,1,2006,MO,TREAT,4,378,236.7,2006_1,1
215,444,1,2007,MO,TREAT,1,NA,NA,2007_1,NA
215,444,1,2008,MO,TREAT,-4,NA,NA,2008_1,NA
216,445,1,2006,MO,CONTROL,10,379,323.46,2006_1,1
216,445,1,2007,MO,CONTROL,2,NA,NA,2007_1,NA
216,445,1,2008,MO,CONTROL,-11,NA,NA,2008_1,NA
216,446,1,2006,MO,TREAT,10,NA,NA,2006_1,NA
216,446,1,2007,MO,TREAT,2,NA,NA,2007_1,NA
216,446,1,2008,MO,TREAT,-11,380,74,2008_1,1
216,446,1,2008,MO,TREAT,-11,381,39,2008_1,1
217,447,1,2006,MO,CONTROL,-14,382,404.09,2006_1,1
217,447,1,2006,MO,CONTROL,-14,383,428.77,2006_1,1
217,447,1,2006,MO,CONTROL,-14,384,349.56,2006_1,1
217,447,1,2007,MO,CONTROL,-2,NA,NA,2007_1,NA
217,447,1,2008,MO,CONTROL,-20,NA,NA,2008_1,NA
217,448,1,2006,MO,TREAT,-14,385,251.06,2006_1,1
217,448,1,2006,MO,TREAT,-14,386,329.95,2006_1,1
217,448,1,2007,MO,TREAT,-2,NA,NA,2007_1,NA
217,448,1,2008,MO,TREAT,-20,387,397,2008_1,1
217,448,1,2008,MO,TREAT,-20,388,415,2008_1,1
218,449,1,2006,MO,CONTROL,-1,NA,NA,2006_1,NA
218,449,1,2007,MO,CONTROL,-12,389,438,2007_1,1
218,449,1,2007,MO,CONTROL,-12,390,319,2007_1,1
218,449,1,2007,MO,CONTROL,-12,391,402,2007_1,1
218,449,1,2007,MO,CONTROL,-12,392,393,2007_1,1
218,449,1,2007,MO,CONTROL,-12,393,260,2007_1,1
218,449,1,2007,MO,CONTROL,-12,394,382,2007_1,1
218,449,1,2008,MO,CONTROL,9,395,477,2008_1,1
218,450,1,2006,MO,TREAT,-1,396,140.09,2006_1,1
218,450,1,2006,MO,TREAT,-1,397,180.29,2006_1,1
218,450,1,2006,MO,TREAT,-1,398,128.49,2006_1,1
218,450,1,2007,MO,TREAT,-12,NA,NA,2007_1,NA
218,450,1,2008,MO,TREAT,9,NA,NA,2008_1,NA
219,451,1,2006,MO,CONTROL,-6,399,199.47,2006_1,1
219,451,1,2007,MO,CONTROL,-6,NA,NA,2007_1,NA
219,451,1,2008,MO,CONTROL,-15,NA,NA,2008_1,NA
219,452,1,2006,MO,TREAT,-6,NA,NA,2006_1,NA
219,452,1,2007,MO,TREAT,-5,400,289,2007_1,1
219,452,1,2008,MO,TREAT,-15,NA,NA,2008_1,NA
220,453,1,2006,MO,CONTROL,0,401,72.34,2006_1,1
220,453,1,2006,MO,CONTROL,0,402,470.34,2006_1,1
220,453,1,2007,MO,CONTROL,-13,403,123,2007_1,1
220,453,1,2007,MO,CONTROL,-13,404,143,2007_1,1
220,453,1,2007,MO,CONTROL,-13,405,133,2007_1,1
220,453,1,2007,MO,CONTROL,-13,406,132,2007_1,1
220,453,1,2008,MO,CONTROL,8,NA,NA,2008_1,NA
220,454,1,2006,MO,TREAT,0,407,394.76,2006_1,1
220,454,1,2006,MO,TREAT,0,408,242.97,2006_1,1
220,454,1,2007,MO,TREAT,-13,409,295,2007_1,1
220,454,1,2007,MO,TREAT,-13,410,215,2007_1,1
220,454,1,2008,MO,TREAT,8,NA,NA,2008_1,NA
221,455,1,2006,MO,CONTROL,-7,NA,NA,2006_1,NA
221,455,1,2007,MO,CONTROL,-6,NA,NA,2007_1,NA
221,455,1,2008,MO,CONTROL,-21,NA,NA,2008_1,NA
221,456,1,2006,MO,TREAT,-7,NA,NA,2006_1,NA
221,456,1,2007,MO,TREAT,-6,NA,NA,2007_1,NA
221,456,1,2008,MO,TREAT,-21,411,173,2008_1,1
221,456,1,2008,MO,TREAT,-21,412,177,2008_1,1
221,456,1,2008,MO,TREAT,-21,413,117,2008_1,1
222,457,1,2006,MO,CONTROL,-16,414,234.26,2006_1,1
222,457,1,2006,MO,CONTROL,-16,415,175.7,2006_1,1
222,457,1,2007,MO,CONTROL,-18,416,315,2007_1,1
222,457,1,2007,MO,CONTROL,-18,417,307,2007_1,1
222,457,1,2007,MO,CONTROL,-18,418,328,2007_1,1
222,457,1,2007,MO,CONTROL,-18,419,327,2007_1,1
222,457,1,2007,MO,CONTROL,-18,420,192,2007_1,1
222,457,1,2008,MO,CONTROL,9,421,402,2008_1,1
222,457,1,2008,MO,CONTROL,9,422,296,2008_1,1
222,457,1,2008,MO,CONTROL,9,423,341,2008_1,1
222,458,1,2006,MO,TREAT,-16,424,209.79,2006_1,1
222,458,1,2006,MO,TREAT,-16,425,143.3,2006_1,1
222,458,1,2006,MO,TREAT,-16,426,373.4,2006_1,1
222,458,1,2006,MO,TREAT,-16,427,327.65,2006_1,1
222,458,1,2007,MO,TREAT,-18,428,173,2007_1,1
222,458,1,2007,MO,TREAT,-18,429,125,2007_1,1
222,458,1,2007,MO,TREAT,-18,430,233,2007_1,1
222,458,1,2007,MO,TREAT,-18,431,297,2007_1,1
222,458,1,2008,MO,TREAT,9,432,319,2008_1,1
222,458,1,2008,MO,TREAT,9,433,153,2008_1,1
222,458,1,2008,MO,TREAT,9,434,476,2008_1,1
222,458,1,2008,MO,TREAT,9,435,473,2008_1,1
222,458,1,2008,MO,TREAT,9,436,290,2008_1,1
222,458,1,2008,MO,TREAT,9,437,148,2008_1,1
223,459,1,2006,MO,CONTROL,-17,438,268.76,2006_1,1
223,459,1,2006,MO,CONTROL,-17,439,260.3,2006_1,1
223,459,1,2006,MO,CONTROL,-17,440,360.05,2006_1,1
223,459,1,2006,MO,CONTROL,-17,NA,NA,2006_1,NA
223,459,1,2006,MO,CONTROL,-17,441,477.44,2006_1,1
223,459,1,2007,MO,CONTROL,-17,442,323,2007_1,1
223,459,1,2007,MO,CONTROL,-17,443,171,2007_1,1
223,459,1,2008,MO,CONTROL,-7,NA,NA,2008_1,NA
223,460,1,2006,MO,TREAT,-17,444,356.07,2006_1,1
223,460,1,2006,MO,TREAT,-17,445,314.79,2006_1,1
223,460,1,2006,MO,TREAT,-17,446,428.74,2006_1,1
223,460,1,2007,MO,TREAT,-17,447,339,2007_1,1
223,460,1,2008,MO,TREAT,-7,448,266,2008_1,1
224,461,1,2006,MO,CONTROL,-21,449,388.14,2006_1,1
224,461,1,2007,MO,CONTROL,-19,450,385,2007_1,1
224,461,1,2007,MO,CONTROL,-19,451,394,2007_1,1
224,461,1,2008,MO,CONTROL,8,NA,NA,2008_1,NA
224,462,1,2006,MO,TREAT,-21,452,234.58,2006_1,1
224,462,1,2006,MO,TREAT,-21,453,222.42,2006_1,1
224,462,1,2006,MO,TREAT,-21,454,372.22,2006_1,1
224,462,1,2006,MO,TREAT,-21,455,493.42,2006_1,1
224,462,1,2007,MO,TREAT,-19,456,340,2007_1,1
224,462,1,2007,MO,TREAT,-19,457,366,2007_1,1
224,462,1,2007,MO,TREAT,-19,458,202,2007_1,1
224,462,1,2008,MO,TREAT,8,459,197,2008_1,1
224,462,1,2008,MO,TREAT,8,460,219,2008_1,1
224,462,1,2008,MO,TREAT,8,461,177,2008_1,1
224,462,1,2008,MO,TREAT,8,462,421,2008_1,1
225,463,1,2006,MO,CONTROL,-20,463,257.31,2006_1,1
225,463,1,2006,MO,CONTROL,-20,464,370.29,2006_1,1
225,463,1,2006,MO,CONTROL,-20,465,223.64,2006_1,1
225,463,1,2006,MO,CONTROL,-20,466,236.82,2006_1,1
225,463,1,2006,MO,CONTROL,-20,467,387.5,2006_1,1
225,463,1,2007,MO,CONTROL,-20,468,160,2007_1,1
225,463,1,2007,MO,CONTROL,-20,469,171,2007_1,1
225,463,1,2007,MO,CONTROL,-20,470,341,2007_1,1
225,463,1,2007,MO,CONTROL,-20,471,191,2007_1,1
225,463,1,2008,MO,CONTROL,-4,472,267,2008_1,1
225,463,1,2008,MO,CONTROL,-4,473,164,2008_1,1
225,464,1,2006,MO,TREAT,-20,474,148.71,2006_1,1
225,464,1,2006,MO,TREAT,-20,475,387.7,2006_1,1
225,464,1,2007,MO,TREAT,-20,476,152,2007_1,1
225,464,1,2007,MO,TREAT,-20,477,109,2007_1,1
225,464,1,2007,MO,TREAT,-20,478,236,2007_1,1
225,464,1,2007,MO,TREAT,-20,479,254,2007_1,1
225,464,1,2008,MO,TREAT,-4,480,259,2008_1,1
225,464,1,2008,MO,TREAT,-4,481,275,2008_1,1
225,464,1,2008,MO,TREAT,-4,482,38,2008_1,1
225,464,1,2008,MO,TREAT,-4,483,376,2008_1,1
226,465,1,2006,MO,CONTROL,-13,484,101.47,2006_1,1
226,465,1,2006,MO,CONTROL,-13,485,167.82,2006_1,1
226,465,1,2006,MO,CONTROL,-13,486,164.9,2006_1,1
226,465,1,2006,MO,CONTROL,-13,487,150.83,2006_1,1
226,465,1,2007,MO,CONTROL,-10,NA,NA,2007_1,NA
226,465,1,2008,MO,CONTROL,-1,488,280,2008_1,1
226,465,1,2008,MO,CONTROL,-1,489,132,2008_1,1
226,466,1,2006,MO,TREAT,-13,490,403.25,2006_1,1
226,466,1,2006,MO,TREAT,-13,491,266.52,2006_1,1
226,466,1,2007,MO,TREAT,-10,NA,NA,2007_1,NA
226,466,1,2008,MO,TREAT,-1,492,387,2008_1,1
226,466,1,2008,MO,TREAT,-1,493,165,2008_1,1
226,466,1,2008,MO,TREAT,-1,494,443,2008_1,1
226,466,1,2008,MO,TREAT,-1,495,231,2008_1,1
226,466,1,2008,MO,TREAT,-1,496,268,2008_1,1
227,467,1,2006,MO,CONTROL,-17,497,82.64,2006_1,1
227,467,1,2006,MO,CONTROL,-17,498,128.53,2006_1,1
227,467,1,2006,MO,CONTROL,-17,499,149.8,2006_1,1
227,467,1,2006,MO,CONTROL,-17,500,104.34,2006_1,1
227,467,1,2007,MO,CONTROL,-5,501,185,2007_1,1
227,467,1,2007,MO,CONTROL,-5,502,260,2007_1,1
227,467,1,2007,MO,CONTROL,-5,503,249,2007_1,1
227,467,1,2008,MO,CONTROL,0,504,266,2008_1,1
227,467,1,2008,MO,CONTROL,0,505,187,2008_1,1
227,467,1,2008,MO,CONTROL,0,506,131,2008_1,1
227,467,1,2008,MO,CONTROL,0,507,286,2008_1,1
227,468,1,2006,MO,TREAT,-17,508,243.09,2006_1,1
227,468,1,2006,MO,TREAT,-17,509,279.54,2006_1,1
227,468,1,2006,MO,TREAT,-17,510,304.16,2006_1,1
227,468,1,2006,MO,TREAT,-17,511,327.69,2006_1,1
227,468,1,2007,MO,TREAT,-5,512,76,2007_1,1
227,468,1,2007,MO,TREAT,-5,513,213,2007_1,1
227,468,1,2008,MO,TREAT,0,514,290,2008_1,1
227,468,1,2008,MO,TREAT,0,515,477,2008_1,1
227,468,1,2008,MO,TREAT,0,516,456,2008_1,1
228,469,1,2006,MO,CONTROL,-14,517,347.9,2006_1,1
228,469,1,2006,MO,CONTROL,-14,518,349.47,2006_1,1
228,469,1,2006,MO,CONTROL,-14,519,371.68,2006_1,1
228,469,1,2006,MO,CONTROL,-14,520,261.36,2006_1,1
228,469,1,2006,MO,CONTROL,-14,521,292.58,2006_1,1
228,469,1,2006,MO,CONTROL,-14,522,324.55,2006_1,1
228,469,1,2007,MO,CONTROL,-1,NA,NA,2007_1,NA
228,469,1,2008,MO,CONTROL,7,523,199,2008_1,1
228,469,1,2008,MO,CONTROL,7,524,145,2008_1,1
228,469,1,2008,MO,CONTROL,7,525,240,2008_1,1
228,469,1,2008,MO,CONTROL,7,526,277,2008_1,1
228,469,1,2008,MO,CONTROL,7,527,67,2008_1,1
228,470,1,2006,MO,TREAT,-14,528,291.14,2006_1,1
228,470,1,2006,MO,TREAT,-14,529,247.33,2006_1,1
228,470,1,2006,MO,TREAT,-14,530,183.71,2006_1,1
228,470,1,2007,MO,TREAT,-1,531,263,2007_1,1
228,470,1,2007,MO,TREAT,-1,532,347,2007_1,1
228,470,1,2008,MO,TREAT,7,NA,NA,2008_1,NA
229,471,1,2006,MO,CONTROL,-13,533,140.24,2006_1,1
229,471,1,2007,MO,CONTROL,-2,NA,NA,2007_1,NA
229,471,1,2008,MO,CONTROL,2,NA,NA,2008_1,NA
229,472,1,2006,MO,TREAT,-13,NA,NA,2006_1,NA
229,472,1,2007,MO,TREAT,-2,NA,NA,2007_1,NA
229,472,1,2008,MO,TREAT,2,NA,NA,2008_1,NA
230,473,1,2006,MO,CONTROL,-12,534,302.02,2006_1,1
230,473,1,2006,MO,CONTROL,-12,535,281.38,2006_1,1
230,473,1,2007,MO,CONTROL,-9,536,223,2007_1,1
230,473,1,2007,MO,CONTROL,-9,537,195,2007_1,1
230,473,1,2008,MO,CONTROL,3,538,477,2008_1,1
230,474,1,2006,MO,TREAT,-12,539,443.45,2006_1,1
230,474,1,2006,MO,TREAT,-12,540,347.45,2006_1,1
230,474,1,2006,MO,TREAT,-12,541,362.51,2006_1,1
230,474,1,2006,MO,TREAT,-12,542,228.5,2006_1,1
230,474,1,2006,MO,TREAT,-12,543,296.7,2006_1,1
230,474,1,2007,MO,TREAT,-9,544,332,2007_1,1
230,474,1,2007,MO,TREAT,-9,545,421,2007_1,1
230,474,1,2008,MO,TREAT,3,546,466,2008_1,1
230,474,1,2008,MO,TREAT,3,547,192,2008_1,1
230,474,1,2008,MO,TREAT,3,548,264,2008_1,1
230,474,1,2008,MO,TREAT,3,549,205,2008_1,1
230,474,1,2008,MO,TREAT,3,550,164,2008_1,1
230,474,1,2008,MO,TREAT,3,551,306,2008_1,1
231,475,1,2006,MO,CONTROL,-16,552,115.6,2006_1,1
231,475,1,2006,MO,CONTROL,-16,553,279.22,2006_1,1
231,475,1,2006,MO,CONTROL,-16,554,346.07,2006_1,1
231,475,1,2006,MO,CONTROL,-16,555,235.01,2006_1,1
231,475,1,2007,MO,CONTROL,8,556,224,2007_1,1
231,475,1,2007,MO,CONTROL,8,557,404,2007_1,1
231,475,1,2007,MO,CONTROL,8,558,364,2007_1,1
231,475,1,2007,MO,CONTROL,8,559,427,2007_1,1
231,475,1,2007,MO,CONTROL,8,560,416,2007_1,1
231,475,1,2008,MO,CONTROL,-5,NA,NA,2008_1,NA
231,476,1,2006,MO,TREAT,-16,561,64.96,2006_1,1
231,476,1,2006,MO,TREAT,-16,562,100.07,2006_1,1
231,476,1,2006,MO,TREAT,-16,563,152.03,2006_1,1
231,476,1,2006,MO,TREAT,-16,564,119.94,2006_1,1
231,476,1,2007,MO,TREAT,6,565,304,2007_1,1
231,476,1,2008,MO,TREAT,-5,566,412,2008_1,1
232,477,1,2006,MO,CONTROL,9,NA,NA,2006_1,NA
232,477,1,2007,MO,CONTROL,12,NA,NA,2007_1,NA
232,477,1,2008,MO,CONTROL,-8,NA,NA,2008_1,NA
232,478,1,2006,MO,TREAT,9,NA,NA,2006_1,NA
232,478,1,2007,MO,TREAT,12,NA,NA,2007_1,NA
232,478,1,2008,MO,TREAT,-8,NA,NA,2008_1,NA
233,479,1,2006,MO,CONTROL,10,NA,NA,2006_1,NA
233,479,1,2007,MO,CONTROL,13,NA,NA,2007_1,NA
233,479,1,2008,MO,CONTROL,8,NA,NA,2008_1,NA
233,480,1,2006,MO,TREAT,10,567,424.46,2006_1,1
233,480,1,2006,MO,TREAT,10,568,399.5,2006_1,1
233,480,1,2006,MO,TREAT,10,569,197.58,2006_1,1
233,480,1,2006,MO,TREAT,10,570,451.27,2006_1,1
233,480,1,2006,MO,TREAT,10,571,395.45,2006_1,1
233,480,1,2007,MO,TREAT,13,572,309,2007_1,1
233,480,1,2007,MO,TREAT,13,573,64,2007_1,1
233,480,1,2007,MO,TREAT,13,574,88,2007_1,1
233,480,1,2007,MO,TREAT,13,575,357,2007_1,1
233,480,1,2007,MO,TREAT,13,576,165,2007_1,1
233,480,1,2007,MO,TREAT,13,577,343,2007_1,1
233,480,1,2007,MO,TREAT,13,578,74,2007_1,1
233,480,1,2008,MO,TREAT,8,579,217,2008_1,1
233,480,1,2008,MO,TREAT,8,580,469,2008_1,1
233,480,1,2008,MO,TREAT,8,581,330,2008_1,1
233,480,1,2008,MO,TREAT,8,582,339,2008_1,1
233,480,1,2008,MO,TREAT,8,583,117,2008_1,1
234,481,1,2006,MO,CONTROL,-10,NA,NA,2006_1,NA
234,481,1,2007,MO,CONTROL,-13,584,337,2007_1,1
234,481,1,2007,MO,CONTROL,-13,585,268,2007_1,1
234,481,1,2008,MO,CONTROL,-19,586,200,2008_1,1
234,482,1,2006,MO,TREAT,-10,587,197.67,2006_1,1
234,482,1,2006,MO,TREAT,-10,588,246.36,2006_1,1
234,482,1,2006,MO,TREAT,-10,589,327.1,2006_1,1
234,482,1,2007,MO,TREAT,-13,590,187,2007_1,1
234,482,1,2008,MO,TREAT,-19,NA,NA,2008_1,NA
235,483,1,2006,MO,CONTROL,9,591,226.34,2006_1,1
235,483,1,2006,MO,CONTROL,9,592,426.85,2006_1,1
235,483,1,2006,MO,CONTROL,9,593,442.43,2006_1,1
235,483,1,2006,MO,CONTROL,9,594,456.34,2006_1,1
235,483,1,2006,MO,CONTROL,9,595,383.82,2006_1,1
235,483,1,2006,MO,CONTROL,9,596,478.56,2006_1,1
235,483,1,2007,MO,CONTROL,-13,597,440,2007_1,1
235,483,1,2007,MO,CONTROL,-13,598,398,2007_1,1
235,483,1,2007,MO,CONTROL,-13,599,393,2007_1,1
235,483,1,2008,MO,CONTROL,-15,NA,NA,2008_1,NA
235,484,1,2006,MO,TREAT,9,600,237.21,2006_1,1
235,484,1,2006,MO,TREAT,9,601,252.28,2006_1,1
235,484,1,2006,MO,TREAT,9,602,378.38,2006_1,1
235,484,1,2007,MO,TREAT,-13,NA,NA,2007_1,NA
235,484,1,2008,MO,TREAT,-15,NA,NA,2008_1,NA
236,485,1,2006,MO,CONTROL,8,603,401.98,2006_1,1
236,485,1,2006,MO,CONTROL,8,604,187.64,2006_1,1
236,485,1,2007,MO,CONTROL,-16,NA,NA,2007_1,NA
236,485,1,2008,MO,CONTROL,3,NA,NA,2008_1,NA
236,486,1,2006,MO,TREAT,8,605,236.44,2006_1,1
236,486,1,2007,MO,TREAT,-16,NA,NA,2007_1,NA
236,486,1,2008,MO,TREAT,3,NA,NA,2008_1,NA
263,487,1,2006,MS,CONTROL,20,NA,NA,2006_1,NA
263,488,1,2006,MS,TREAT,20,NA,NA,2006_1,NA
263,488,1,2007,MS,TREAT,12,NA,NA,2007_1,NA
263,488,1,2008,MS,TREAT,-11,NA,NA,2008_1,NA
264,489,1,2006,MS,CONTROL,20,NA,NA,2006_1,NA
264,489,1,2007,MS,CONTROL,0,NA,NA,2007_1,NA
264,489,1,2008,MS,CONTROL,-11,606,419.73,2008_1,1
264,490,1,2006,MS,TREAT,20,NA,NA,2006_1,NA
264,490,1,2007,MS,TREAT,0,NA,NA,2007_1,NA
264,490,1,2008,MS,TREAT,-11,607,186.37,2008_1,1
265,491,1,2006,MS,CONTROL,19,NA,NA,2006_1,NA
265,491,1,2007,MS,CONTROL,-1,NA,NA,2007_1,NA
265,491,1,2008,MS,CONTROL,-12,NA,NA,2008_1,NA
265,492,1,2006,MS,TREAT,19,608,261.88,2006_1,1
265,492,1,2007,MS,TREAT,-1,NA,NA,2007_1,NA
265,492,1,2008,MS,TREAT,-12,NA,NA,2008_1,NA
266,493,1,2006,MS,CONTROL,19,NA,NA,2006_1,NA
266,494,1,2006,MS,TREAT,19,NA,NA,2006_1,NA
266,494,1,2007,MS,TREAT,-1,609,142.1,2007_1,1
266,494,1,2008,MS,TREAT,-12,610,292.61,2008_1,1
267,495,1,2006,MS,CONTROL,-11,611,231.45,2006_1,1
267,495,1,2007,MS,CONTROL,-13,NA,NA,2007_1,NA
267,495,1,2008,MS,CONTROL,-17,612,196.85,2008_1,1
267,496,1,2006,MS,TREAT,-11,613,227.95,2006_1,1
267,496,1,2006,MS,TREAT,-11,614,312.88,2006_1,1
267,496,1,2007,MS,TREAT,-13,615,155.15,2007_1,1
267,496,1,2007,MS,TREAT,-13,616,321.09,2007_1,1
267,496,1,2007,MS,TREAT,-13,617,382.44,2007_1,1
267,496,1,2007,MS,TREAT,-13,618,183.45,2007_1,1
267,496,1,2008,MS,TREAT,-17,619,368.96,2008_1,1
267,496,1,2008,MS,TREAT,-17,620,301.25,2008_1,1
267,496,1,2008,MS,TREAT,-17,621,423.38,2008_1,1
267,496,1,2008,MS,TREAT,-17,622,114.54,2008_1,1
267,496,1,2008,MS,TREAT,-17,623,177.14,2008_1,1
268,497,1,2006,MS,CONTROL,-9,NA,NA,2006_1,NA
268,497,1,2007,MS,CONTROL,-11,NA,NA,2007_1,NA
268,497,1,2008,MS,CONTROL,-16,624,202.49,2008_1,1
268,498,1,2006,MS,TREAT,-9,625,455.34,2006_1,1
268,498,1,2007,MS,TREAT,-11,626,200.08,2007_1,1
268,498,1,2008,MS,TREAT,-16,627,442.61,2008_1,1
268,498,1,2008,MS,TREAT,-16,628,237.92,2008_1,1
269,499,1,2006,MS,CONTROL,-11,629,343.36,2006_1,1
269,499,1,2006,MS,CONTROL,-11,630,282.54,2006_1,1
269,499,1,2007,MS,CONTROL,-13,631,91.95,2007_1,1
269,499,1,2007,MS,CONTROL,-13,632,280.87,2007_1,1
269,499,1,2007,MS,CONTROL,-13,633,412.72,2007_1,1
269,499,1,2008,MS,CONTROL,-16,634,246.42,2008_1,1
269,499,1,2008,MS,CONTROL,-16,635,335.72,2008_1,1
269,499,1,2008,MS,CONTROL,-16,636,438.28,2008_1,1
269,500,1,2006,MS,TREAT,-11,637,86.18,2006_1,1
269,500,1,2006,MS,TREAT,-11,638,311.4,2006_1,1
269,500,1,2006,MS,TREAT,-11,639,467.97,2006_1,1
269,500,1,2007,MS,TREAT,-13,NA,NA,2007_1,NA
269,500,1,2008,MS,TREAT,-16,640,486.88,2008_1,1
269,500,1,2008,MS,TREAT,-16,641,230.38,2008_1,1
269,500,1,2008,MS,TREAT,-16,642,308.39,2008_1,1
270,501,1,2006,MS,CONTROL,-10,643,430.92,2006_1,1
270,501,1,2006,MS,CONTROL,-10,644,292.42,2006_1,1
270,501,1,2007,MS,CONTROL,-15,645,64.23,2007_1,1
270,501,1,2008,MS,CONTROL,-15,646,290.15,2008_1,1
270,502,1,2006,MS,TREAT,-10,647,205.82,2006_1,1
270,502,1,2006,MS,TREAT,-10,648,174.27,2006_1,1
270,502,1,2007,MS,TREAT,-15,649,400.96,2007_1,1
270,502,1,2008,MS,TREAT,-15,650,161.37,2008_1,1
270,502,1,2008,MS,TREAT,-15,651,229.53,2008_1,1
270,502,1,2008,MS,TREAT,-15,652,92.18,2008_1,1
271,503,1,2006,MS,CONTROL,-10,653,434.79,2006_1,1
271,503,1,2007,MS,CONTROL,-13,NA,NA,2007_1,NA
271,503,1,2008,MS,CONTROL,-17,654,473.51,2008_1,1
271,503,1,2008,MS,CONTROL,-17,655,200.98,2008_1,1
271,503,1,2008,MS,CONTROL,-17,656,359.68,2008_1,1
271,503,1,2008,MS,CONTROL,-17,657,354.14,2008_1,1
271,504,1,2006,MS,TREAT,-10,658,278.52,2006_1,1
271,504,1,2006,MS,TREAT,-10,659,377.6,2006_1,1
271,504,1,2006,MS,TREAT,-10,660,154.95,2006_1,1
271,504,1,2006,MS,TREAT,-10,661,335.81,2006_1,1
271,504,1,2007,MS,TREAT,-13,662,279.31,2007_1,1
271,504,1,2007,MS,TREAT,-13,663,350,2007_1,1
271,504,1,2007,MS,TREAT,-13,664,392.03,2007_1,1
271,504,1,2008,MS,TREAT,-17,665,297.48,2008_1,1
271,504,1,2008,MS,TREAT,-17,666,55.13,2008_1,1
271,504,1,2008,MS,TREAT,-17,667,93.72,2008_1,1
271,504,1,2008,MS,TREAT,-17,668,172.08,2008_1,1
271,504,1,2008,MS,TREAT,-17,669,221.2,2008_1,1
271,504,1,2008,MS,TREAT,-17,670,412.66,2008_1,1
272,505,1,2006,MS,CONTROL,-9,NA,NA,2006_1,NA
272,505,1,2007,MS,CONTROL,-11,671,81.84,2007_1,1
272,505,1,2007,MS,CONTROL,-11,672,393.84,2007_1,1
272,505,1,2007,MS,CONTROL,-11,673,157.27,2007_1,1
272,505,1,2008,MS,CONTROL,-15,674,262.93,2008_1,1
272,506,1,2006,MS,TREAT,-9,NA,NA,2006_1,NA
272,506,1,2007,MS,TREAT,-11,675,134.74,2007_1,1
272,506,1,2007,MS,TREAT,-11,676,212.25,2007_1,1
272,506,1,2007,MS,TREAT,-11,677,185.08,2007_1,1
272,506,1,2008,MS,TREAT,-15,678,365.6,2008_1,1
272,506,1,2008,MS,TREAT,-15,679,335.02,2008_1,1
273,507,1,2006,MS,CONTROL,10,680,286.23,2006_1,1
273,507,1,2007,MS,CONTROL,19,NA,NA,2007_1,NA
273,507,1,2008,MS,CONTROL,7,NA,NA,2008_1,NA
273,508,1,2006,MS,TREAT,10,681,402.29,2006_1,1
273,508,1,2006,MS,TREAT,10,682,145.82,2006_1,1
273,508,1,2007,MS,TREAT,19,NA,NA,2007_1,NA
273,508,1,2008,MS,TREAT,7,NA,NA,2008_1,NA
274,509,1,2006,MS,CONTROL,8,NA,NA,2006_1,NA
274,509,1,2007,MS,CONTROL,16,NA,NA,2007_1,NA
274,509,1,2008,MS,CONTROL,7,NA,NA,2008_1,NA
274,510,1,2006,MS,TREAT,8,683,291.78,2006_1,1
274,510,1,2006,MS,TREAT,8,684,216.68,2006_1,1
274,510,1,2007,MS,TREAT,15,685,322.22,2007_1,1
274,510,1,2007,MS,TREAT,15,686,466.17,2007_1,1
274,510,1,2008,MS,TREAT,7,NA,NA,2008_1,NA
275,511,1,2006,MS,CONTROL,3,687,271.2,2006_1,1
275,511,1,2007,MS,CONTROL,17,NA,NA,2007_1,NA
275,511,1,2008,MS,CONTROL,4,NA,NA,2008_1,NA
275,512,1,2006,MS,TREAT,3,688,64.11,2006_1,1
275,512,1,2007,MS,TREAT,17,NA,NA,2007_1,NA
275,512,1,2008,MS,TREAT,4,689,420.43,2008_1,1
275,512,1,2008,MS,TREAT,4,690,294.9,2008_1,1
275,512,1,2008,MS,TREAT,4,691,227.31,2008_1,1
276,513,1,2006,MS,CONTROL,4,692,475.6,2006_1,1
276,513,1,2007,MS,CONTROL,18,NA,NA,2007_1,NA
276,513,1,2008,MS,CONTROL,6,NA,NA,2008_1,NA
276,514,1,2006,MS,TREAT,4,693,158.34,2006_1,1
276,514,1,2006,MS,TREAT,4,694,362.92,2006_1,1
276,514,1,2007,MS,TREAT,18,695,83.13,2007_1,1
276,514,1,2007,MS,TREAT,18,696,240.24,2007_1,1
276,514,1,2008,MS,TREAT,6,NA,NA,2008_1,NA
277,515,1,2006,MS,CONTROL,1,697,78.06,2006_1,1
277,515,1,2007,MS,CONTROL,16,NA,NA,2007_1,NA
277,515,1,2008,MS,CONTROL,5,698,490.72,2008_1,1
277,516,1,2006,MS,TREAT,1,699,201.51,2006_1,1
277,516,1,2006,MS,TREAT,1,700,192.37,2006_1,1
277,516,1,2007,MS,TREAT,16,NA,NA,2007_1,NA
277,516,1,2008,MS,TREAT,5,NA,NA,2008_1,NA
278,517,1,2006,MS,CONTROL,0,NA,NA,2006_1,NA
278,517,1,2007,MS,CONTROL,16,NA,NA,2007_1,NA
278,517,1,2008,MS,CONTROL,4,NA,NA,2008_1,NA
278,518,1,2006,MS,TREAT,0,701,293.3,2006_1,1
278,518,1,2007,MS,TREAT,15,NA,NA,2007_1,NA
278,518,1,2008,MS,TREAT,4,NA,NA,2008_1,NA
279,519,1,2006,MS,CONTROL,12,NA,NA,2006_1,NA
279,519,1,2007,MS,CONTROL,20,NA,NA,2007_1,NA
279,519,1,2008,MS,CONTROL,8,NA,NA,2008_1,NA
279,520,1,2006,MS,TREAT,12,NA,NA,2006_1,NA
279,520,1,2007,MS,TREAT,20,702,88.89,2007_1,1
279,520,1,2007,MS,TREAT,20,703,50.33,2007_1,1
279,520,1,2007,MS,TREAT,20,704,216.87,2007_1,1
279,520,1,2008,MS,TREAT,8,NA,NA,2008_1,NA
280,521,1,2006,MS,CONTROL,11,NA,NA,2006_1,NA
280,521,1,2007,MS,CONTROL,18,NA,NA,2007_1,NA
280,521,1,2008,MS,CONTROL,8,NA,NA,2008_1,NA
280,522,1,2006,MS,TREAT,11,705,130.39,2006_1,1
280,522,1,2007,MS,TREAT,17,NA,NA,2007_1,NA
280,522,1,2008,MS,TREAT,8,706,213.06,2008_1,1
281,523,1,2006,MS,CONTROL,14,707,309.04,2006_1,1
281,523,1,2007,MS,CONTROL,19,708,180.12,2007_1,1
281,523,1,2008,MS,CONTROL,9,NA,NA,2008_1,NA
281,524,1,2006,MS,TREAT,14,709,154.11,2006_1,1
281,524,1,2007,MS,TREAT,21,NA,NA,2007_1,NA
281,524,1,2008,MS,TREAT,9,710,448.35,2008_1,1
281,524,1,2008,MS,TREAT,9,711,351.84,2008_1,1
281,524,1,2008,MS,TREAT,9,712,214.58,2008_1,1
281,524,1,2008,MS,TREAT,9,713,155.64,2008_1,1
281,524,1,2008,MS,TREAT,9,714,411.81,2008_1,1
282,525,1,2006,MS,CONTROL,5,NA,NA,2006_1,NA
282,525,1,2007,MS,CONTROL,20,NA,NA,2007_1,NA
282,525,1,2008,MS,CONTROL,6,NA,NA,2008_1,NA
282,526,1,2006,MS,TREAT,5,NA,NA,2006_1,NA
282,526,1,2007,MS,TREAT,19,NA,NA,2007_1,NA
282,526,1,2008,MS,TREAT,6,NA,NA,2008_1,NA
283,527,1,2006,MS,CONTROL,13,NA,NA,2006_1,NA
283,527,1,2007,MS,CONTROL,23,715,158.39,2007_1,1
283,527,1,2008,MS,CONTROL,5,716,391.95,2008_1,1
283,527,1,2008,MS,CONTROL,5,717,306.43,2008_1,1
283,528,1,2006,MS,TREAT,13,718,175.88,2006_1,1
283,528,1,2006,MS,TREAT,13,719,194.58,2006_1,1
283,528,1,2007,MS,TREAT,23,720,178.93,2007_1,1
283,528,1,2007,MS,TREAT,23,721,260.8,2007_1,1
283,528,1,2008,MS,TREAT,5,722,449.09,2008_1,1
283,528,1,2008,MS,TREAT,5,723,362.08,2008_1,1
283,528,1,2008,MS,TREAT,5,724,94.63,2008_1,1
283,528,1,2008,MS,TREAT,5,725,266.38,2008_1,1
244,529,1,2006,MS,CONTROL,0,NA,NA,2006_1,NA
244,529,1,2007,MS,CONTROL,0,726,222.22,2007_1,1
244,529,1,2007,MS,CONTROL,0,727,350.58,2007_1,1
244,529,1,2008,MS,CONTROL,1,NA,NA,2008_1,NA
244,530,1,2006,MS,TREAT,0,728,395.35,2006_1,1
244,530,1,2006,MS,TREAT,0,729,344.54,2006_1,1
244,530,1,2006,MS,TREAT,0,730,300.61,2006_1,1
244,530,1,2006,MS,TREAT,0,731,344.08,2006_1,1
244,530,1,2007,MS,TREAT,0,NA,NA,2007_1,NA
244,530,1,2008,MS,TREAT,1,732,158.63,2008_1,1
244,530,1,2008,MS,TREAT,1,733,316.28,2008_1,1
244,530,1,2008,MS,TREAT,1,734,485.42,2008_1,1
245,531,1,2006,MS,CONTROL,-6,NA,NA,2006_1,NA
245,531,1,2007,MS,CONTROL,-10,NA,NA,2007_1,NA
245,531,1,2008,MS,CONTROL,-10,NA,NA,2008_1,NA
245,532,1,2006,MS,TREAT,-6,NA,NA,2006_1,NA
245,532,1,2007,MS,TREAT,-10,NA,NA,2007_1,NA
245,532,1,2008,MS,TREAT,-10,735,317.85,2008_1,1
246,533,1,2006,MS,CONTROL,-8,736,428.1,2006_1,1
246,533,1,2006,MS,CONTROL,-8,737,376.23,2006_1,1
246,533,1,2006,MS,CONTROL,-8,738,336.11,2006_1,1
246,533,1,2007,MS,CONTROL,-9,739,239.13,2007_1,1
246,533,1,2007,MS,CONTROL,-9,740,335.32,2007_1,1
246,533,1,2007,MS,CONTROL,-9,741,341.1,2007_1,1
246,533,1,2008,MS,CONTROL,-10,NA,NA,2008_1,NA
246,534,1,2006,MS,TREAT,-8,742,210.55,2006_1,1
246,534,1,2007,MS,TREAT,-9,NA,NA,2007_1,NA
246,534,1,2008,MS,TREAT,-10,743,406.31,2008_1,1
247,535,1,2006,MS,CONTROL,-8,NA,NA,2006_1,NA
247,535,1,2007,MS,CONTROL,-12,744,107.93,2007_1,1
247,535,1,2008,MS,CONTROL,-9,NA,NA,2008_1,NA
247,536,1,2006,MS,TREAT,-8,745,165.78,2006_1,1
247,536,1,2007,MS,TREAT,-11,NA,NA,2007_1,NA
247,536,1,2008,MS,TREAT,-9,NA,NA,2008_1,NA
248,537,1,2006,MS,CONTROL,-7,746,423.04,2006_1,1
248,537,1,2007,MS,CONTROL,-9,NA,NA,2007_1,NA
248,537,1,2008,MS,CONTROL,15,NA,NA,2008_1,NA
248,538,1,2006,MS,TREAT,-7,747,233.41,2006_1,1
248,538,1,2006,MS,TREAT,-7,748,232.96,2006_1,1
248,538,1,2007,MS,TREAT,-9,NA,NA,2007_1,NA
248,538,1,2008,MS,TREAT,15,749,346.06,2008_1,1
249,539,1,2006,MS,CONTROL,-7,NA,NA,2006_1,NA
249,539,1,2007,MS,CONTROL,-10,NA,NA,2007_1,NA
249,539,1,2008,MS,CONTROL,-6,NA,NA,2008_1,NA
249,540,1,2006,MS,TREAT,-7,750,199.16,2006_1,1
249,540,1,2006,MS,TREAT,-7,751,360.31,2006_1,1
249,540,1,2007,MS,TREAT,-10,NA,NA,2007_1,NA
249,540,1,2008,MS,TREAT,-6,NA,NA,2008_1,NA
250,541,1,2006,MS,CONTROL,-2,NA,NA,2006_1,NA
250,541,1,2007,MS,CONTROL,-10,NA,NA,2007_1,NA
250,541,1,2008,MS,CONTROL,-9,NA,NA,2008_1,NA
250,542,1,2006,MS,TREAT,-2,752,261.36,2006_1,1
250,542,1,2006,MS,TREAT,-2,753,279.1,2006_1,1
250,542,1,2007,MS,TREAT,-10,754,143.44,2007_1,1
250,542,1,2008,MS,TREAT,-9,755,241.59,2008_1,1
250,542,1,2008,MS,TREAT,-9,756,335.32,2008_1,1
251,543,1,2006,MS,CONTROL,-2,757,261.63,2006_1,1
251,543,1,2007,MS,CONTROL,14,NA,NA,2007_1,NA
251,543,1,2008,MS,CONTROL,12,NA,NA,2008_1,NA
251,544,1,2006,MS,TREAT,-2,758,200.46,2006_1,1
251,544,1,2007,MS,TREAT,-9,NA,NA,2007_1,NA
251,544,1,2008,MS,TREAT,12,NA,NA,2008_1,NA
252,545,1,2006,MS,CONTROL,15,NA,NA,2006_1,NA
252,545,1,2007,MS,CONTROL,-1,NA,NA,2007_1,NA
252,545,1,2008,MS,CONTROL,16,NA,NA,2008_1,NA
252,546,1,2006,MS,TREAT,15,NA,NA,2006_1,NA
252,546,1,2007,MS,TREAT,-1,NA,NA,2007_1,NA
252,546,1,2008,MS,TREAT,16,NA,NA,2008_1,NA
253,547,1,2006,MS,CONTROL,-17,NA,NA,2006_1,NA
253,547,1,2007,MS,CONTROL,-2,NA,NA,2007_1,NA
253,547,1,2008,MS,CONTROL,14,NA,NA,2008_1,NA
253,548,1,2006,MS,TREAT,14,NA,NA,2006_1,NA
253,548,1,2007,MS,TREAT,-2,NA,NA,2007_1,NA
253,548,1,2008,MS,TREAT,14,NA,NA,2008_1,NA
254,549,1,2006,MS,CONTROL,5,759,213.38,2006_1,1
254,549,1,2007,MS,CONTROL,8,NA,NA,2007_1,NA
254,549,1,2008,MS,CONTROL,-2,760,245.48,2008_1,1
254,549,1,2008,MS,CONTROL,-2,761,327.98,2008_1,1
254,550,1,2006,MS,TREAT,5,762,221.09,2006_1,1
254,550,1,2006,MS,TREAT,5,763,312.49,2006_1,1
254,550,1,2007,MS,TREAT,8,764,62.14,2007_1,1
254,550,1,2007,MS,TREAT,8,765,47.38,2007_1,1
254,550,1,2007,MS,TREAT,8,766,157.57,2007_1,1
254,550,1,2008,MS,TREAT,-2,767,483.45,2008_1,1
255,551,1,2006,MS,CONTROL,8,NA,NA,2006_1,NA
255,551,1,2007,MS,CONTROL,9,NA,NA,2007_1,NA
255,551,1,2008,MS,CONTROL,-1,NA,NA,2008_1,NA
255,552,1,2006,MS,TREAT,8,768,234.21,2006_1,1
255,552,1,2006,MS,TREAT,8,769,146.91,2006_1,1
255,552,1,2006,MS,TREAT,8,770,175.89,2006_1,1
255,552,1,2007,MS,TREAT,9,NA,NA,2007_1,NA
255,552,1,2008,MS,TREAT,-1,771,201.58,2008_1,1
255,552,1,2008,MS,TREAT,-1,772,247.52,2008_1,1
256,553,1,2006,MS,CONTROL,3,773,313.29,2006_1,1
256,553,1,2006,MS,CONTROL,3,774,158.32,2006_1,1
256,553,1,2006,MS,CONTROL,3,775,182.96,2006_1,1
256,553,1,2007,MS,CONTROL,8,NA,NA,2007_1,NA
256,553,1,2008,MS,CONTROL,-1,NA,NA,2008_1,NA
256,554,1,2006,MS,TREAT,3,776,61.95,2006_1,1
256,554,1,2006,MS,TREAT,3,777,135.74,2006_1,1
256,554,1,2007,MS,TREAT,7,NA,NA,2007_1,NA
256,554,1,2008,MS,TREAT,-1,NA,NA,2008_1,NA
257,555,1,2006,MS,CONTROL,1,778,308.92,2006_1,1
257,555,1,2006,MS,CONTROL,1,779,367.37,2006_1,1
257,555,1,2006,MS,CONTROL,1,780,278.32,2006_1,1
257,555,1,2006,MS,CONTROL,1,781,111.69,2006_1,1
257,555,1,2007,MS,CONTROL,7,782,235.39,2007_1,1
257,555,1,2007,MS,CONTROL,7,783,186.71,2007_1,1
257,555,1,2007,MS,CONTROL,7,784,237.56,2007_1,1
257,555,1,2008,MS,CONTROL,-2,NA,NA,2008_1,NA
257,556,1,2006,MS,TREAT,1,785,224.09,2006_1,1
257,556,1,2006,MS,TREAT,1,786,241.87,2006_1,1
257,556,1,2006,MS,TREAT,1,787,69.17,2006_1,1
257,556,1,2007,MS,TREAT,7,NA,NA,2007_1,NA
257,556,1,2008,MS,TREAT,-2,NA,NA,2008_1,NA
258,557,1,2006,MS,CONTROL,4,NA,NA,2006_1,NA
258,557,1,2007,MS,CONTROL,6,NA,NA,2007_1,NA
258,557,1,2008,MS,CONTROL,0,NA,NA,2008_1,NA
258,558,1,2006,MS,TREAT,4,788,311.49,2006_1,1
258,558,1,2006,MS,TREAT,4,789,193.97,2006_1,1
258,558,1,2006,MS,TREAT,4,790,112.52,2006_1,1
258,558,1,2007,MS,TREAT,6,791,56.83,2007_1,1
258,558,1,2007,MS,TREAT,6,792,99.49,2007_1,1
258,558,1,2008,MS,TREAT,0,NA,NA,2008_1,NA
259,559,1,2006,MS,CONTROL,-1,793,293.61,2006_1,1
259,559,1,2006,MS,CONTROL,-1,794,394.53,2006_1,1
259,559,1,2007,MS,CONTROL,10,NA,NA,2007_1,NA
259,559,1,2008,MS,CONTROL,-4,795,483.25,2008_1,1
259,560,1,2006,MS,TREAT,-1,796,211.53,2006_1,1
259,560,1,2007,MS,TREAT,9,NA,NA,2007_1,NA
259,560,1,2008,MS,TREAT,-4,797,212.77,2008_1,1
259,560,1,2008,MS,TREAT,-4,798,275.19,2008_1,1
259,560,1,2008,MS,TREAT,-4,799,199.43,2008_1,1
260,561,1,2006,MS,CONTROL,13,NA,NA,2006_1,NA
260,561,1,2007,MS,CONTROL,10,NA,NA,2007_1,NA
260,561,1,2008,MS,CONTROL,0,800,304.22,2008_1,1
260,562,1,2006,MS,TREAT,13,NA,NA,2006_1,NA
260,562,1,2007,MS,TREAT,10,801,241.66,2007_1,1
260,562,1,2008,MS,TREAT,0,802,415.1,2008_1,1
260,562,1,2008,MS,TREAT,0,803,171.42,2008_1,1
261,563,1,2006,MS,CONTROL,11,NA,NA,2006_1,NA
261,563,1,2007,MS,CONTROL,11,NA,NA,2007_1,NA
261,563,1,2008,MS,CONTROL,1,804,240.38,2008_1,1
261,563,1,2008,MS,CONTROL,1,805,268.82,2008_1,1
261,564,1,2006,MS,TREAT,11,NA,NA,2006_1,NA
261,564,1,2007,MS,TREAT,11,806,157.85,2007_1,1
261,564,1,2007,MS,TREAT,11,807,189.64,2007_1,1
261,564,1,2008,MS,TREAT,1,808,261.09,2008_1,1
261,564,1,2008,MS,TREAT,1,809,143.59,2008_1,1
261,564,1,2008,MS,TREAT,1,810,179.83,2008_1,1
261,564,1,2008,MS,TREAT,1,811,182.37,2008_1,1
261,564,1,2008,MS,TREAT,1,812,293.51,2008_1,1
262,565,1,2006,MS,CONTROL,10,NA,NA,2006_1,NA
262,565,1,2007,MS,CONTROL,12,813,130.32,2007_1,1
262,565,1,2007,MS,CONTROL,12,814,161.59,2007_1,1
262,565,1,2008,MS,CONTROL,-3,815,117.29,2008_1,1
262,566,1,2006,MS,TREAT,10,NA,NA,2006_1,NA
262,566,1,2007,MS,TREAT,11,816,186.11,2007_1,1
262,566,1,2007,MS,TREAT,11,817,331.32,2007_1,1
262,566,1,2007,MS,TREAT,11,818,234.46,2007_1,1
262,566,1,2007,MS,TREAT,11,819,377.22,2007_1,1
262,566,1,2008,MS,TREAT,-3,820,219.58,2008_1,1
262,566,1,2008,MS,TREAT,-3,821,212.41,2008_1,1
262,566,1,2008,MS,TREAT,-3,822,232.72,2008_1,1
262,566,1,2008,MS,TREAT,-3,823,471.01,2008_1,1
318,567,1,2006,NC,CONTROL,-17,NA,NA,2006_1,NA
318,567,1,2007,NC,CONTROL,-20,824,340,2007_1,1
318,567,1,2008,NC,CONTROL,-20,NA,NA,2008_1,NA
318,568,1,2006,NC,TREAT,-17,NA,NA,2006_1,NA
318,568,1,2007,NC,TREAT,-20,NA,NA,2007_1,NA
318,568,1,2008,NC,TREAT,-20,NA,NA,2008_1,NA
319,569,1,2006,NC,CONTROL,4,NA,NA,2006_1,NA
319,569,1,2007,NC,CONTROL,-19,NA,NA,2007_1,NA
319,569,1,2008,NC,CONTROL,-19,NA,NA,2008_1,NA
319,570,1,2006,NC,TREAT,4,NA,NA,2006_1,NA
319,570,1,2007,NC,TREAT,-19,NA,NA,2007_1,NA
319,570,1,2008,NC,TREAT,-19,825,189,2008_1,1
320,571,1,2006,NC,CONTROL,-4,NA,NA,2006_1,NA
320,571,1,2007,NC,CONTROL,-17,NA,NA,2007_1,NA
320,571,1,2008,NC,CONTROL,-18,826,341,2008_1,1
320,572,1,2006,NC,TREAT,-4,NA,NA,2006_1,NA
320,572,1,2007,NC,TREAT,-17,827,255,2007_1,1
320,572,1,2007,NC,TREAT,-17,828,375,2007_1,1
320,572,1,2008,NC,TREAT,-18,NA,NA,2008_1,NA
321,573,1,2006,NC,CONTROL,-7,NA,NA,2006_1,NA
321,573,1,2007,NC,CONTROL,-19,NA,NA,2007_1,NA
321,573,1,2008,NC,CONTROL,-18,NA,NA,2008_1,NA
321,574,1,2006,NC,TREAT,-7,829,261,2006_1,1
321,574,1,2007,NC,TREAT,-19,830,402,2007_1,1
321,574,1,2008,NC,TREAT,-18,831,197,2008_1,1
321,574,1,2008,NC,TREAT,-18,832,134,2008_1,1
322,575,1,2006,NC,CONTROL,-4,833,385,2006_1,1
322,575,1,2006,NC,CONTROL,-4,834,455,2006_1,1
322,575,1,2007,NC,CONTROL,-17,NA,NA,2007_1,NA
322,575,1,2008,NC,CONTROL,-14,NA,NA,2008_1,NA
322,576,1,2006,NC,TREAT,-4,835,227,2006_1,1
322,576,1,2007,NC,TREAT,-17,NA,NA,2007_1,NA
322,576,1,2008,NC,TREAT,-14,836,48,2008_1,1
323,577,1,2006,NC,CONTROL,5,NA,NA,2006_1,NA
323,577,1,2007,NC,CONTROL,-20,837,264,2007_1,1
323,577,1,2008,NC,CONTROL,-15,NA,NA,2008_1,NA
323,578,1,2006,NC,TREAT,5,838,210,2006_1,1
323,578,1,2007,NC,TREAT,-20,839,250,2007_1,1
323,578,1,2007,NC,TREAT,-20,840,66,2007_1,1
323,578,1,2007,NC,TREAT,-20,841,240,2007_1,1
323,578,1,2008,NC,TREAT,-15,842,119,2008_1,1
323,578,1,2008,NC,TREAT,-15,843,83,2008_1,1
324,579,1,2006,NC,CONTROL,-18,NA,NA,2006_1,NA
324,579,1,2007,NC,CONTROL,-20,NA,NA,2007_1,NA
324,579,1,2008,NC,CONTROL,-14,NA,NA,2008_1,NA
324,580,1,2006,NC,TREAT,-18,NA,NA,2006_1,NA
324,580,1,2007,NC,TREAT,-20,NA,NA,2007_1,NA
324,580,1,2008,NC,TREAT,-14,844,140,2008_1,1
284,581,1,2006,NC,CONTROL,-16,NA,NA,2006_1,NA
284,581,1,2007,NC,CONTROL,-19,NA,NA,2007_1,NA
284,581,1,2008,NC,CONTROL,-13,NA,NA,2008_1,NA
284,582,1,2006,NC,TREAT,-16,NA,NA,2006_1,NA
284,582,1,2007,NC,TREAT,-19,NA,NA,2007_1,NA
284,582,1,2008,NC,TREAT,-13,NA,NA,2008_1,NA
285,583,1,2006,NC,CONTROL,-15,NA,NA,2006_1,NA
285,583,1,2007,NC,CONTROL,-12,NA,NA,2007_1,NA
285,583,1,2008,NC,CONTROL,-12,NA,NA,2008_1,NA
285,584,1,2006,NC,TREAT,-15,NA,NA,2006_1,NA
285,584,1,2007,NC,TREAT,-12,NA,NA,2007_1,NA
285,584,1,2008,NC,TREAT,-12,NA,NA,2008_1,NA
286,585,1,2006,NC,CONTROL,-17,NA,NA,2006_1,NA
286,585,1,2007,NC,CONTROL,-20,NA,NA,2007_1,NA
286,585,1,2008,NC,CONTROL,-20,845,173,2008_1,1
286,586,1,2006,NC,TREAT,-17,846,185,2006_1,1
286,586,1,2006,NC,TREAT,-17,847,260,2006_1,1
286,586,1,2006,NC,TREAT,-17,848,255,2006_1,1
286,586,1,2007,NC,TREAT,-20,849,270,2007_1,1
286,586,1,2007,NC,TREAT,-20,850,282,2007_1,1
286,586,1,2008,NC,TREAT,-20,NA,NA,2008_1,NA
287,587,1,2006,NC,CONTROL,-18,NA,NA,2006_1,NA
287,587,1,2007,NC,CONTROL,-16,851,368,2007_1,1
287,587,1,2008,NC,CONTROL,-14,852,240,2008_1,1
287,587,1,2008,NC,CONTROL,-14,853,319,2008_1,1
287,588,1,2006,NC,TREAT,-18,NA,NA,2006_1,NA
287,588,1,2007,NC,TREAT,-16,NA,NA,2007_1,NA
287,588,1,2008,NC,TREAT,-14,NA,NA,2008_1,NA
288,589,1,2006,NC,CONTROL,-8,NA,NA,2006_1,NA
288,589,1,2007,NC,CONTROL,-12,NA,NA,2007_1,NA
288,589,1,2008,NC,CONTROL,-11,NA,NA,2008_1,NA
288,590,1,2006,NC,TREAT,-8,854,190,2006_1,1
288,590,1,2006,NC,TREAT,-8,855,90,2006_1,1
288,590,1,2007,NC,TREAT,-13,NA,NA,2007_1,NA
288,590,1,2008,NC,TREAT,-11,856,330,2008_1,1
288,590,1,2008,NC,TREAT,-11,857,295,2008_1,1
289,591,1,2006,NC,CONTROL,-9,858,400,2006_1,1
289,591,1,2007,NC,CONTROL,-19,859,225,2007_1,1
289,591,1,2008,NC,CONTROL,-5,NA,NA,2008_1,NA
289,592,1,2006,NC,TREAT,-9,NA,NA,2006_1,NA
289,592,1,2007,NC,TREAT,-19,NA,NA,2007_1,NA
289,592,1,2008,NC,TREAT,-5,860,349,2008_1,1
289,592,1,2008,NC,TREAT,-5,861,486,2008_1,1
289,592,1,2008,NC,TREAT,-5,862,492,2008_1,1
290,593,1,2006,NC,CONTROL,5,NA,NA,2006_1,NA
290,593,1,2007,NC,CONTROL,-12,863,382,2007_1,1
290,593,1,2008,NC,CONTROL,-14,NA,NA,2008_1,NA
290,594,1,2006,NC,TREAT,5,NA,NA,2006_1,NA
290,594,1,2007,NC,TREAT,-12,864,310,2007_1,1
290,594,1,2007,NC,TREAT,-12,865,255,2007_1,1
290,594,1,2007,NC,TREAT,-12,866,100,2007_1,1
290,594,1,2007,NC,TREAT,-12,867,268,2007_1,1
290,594,1,2008,NC,TREAT,-14,NA,NA,2008_1,NA
291,595,1,2006,NC,CONTROL,-5,NA,NA,2006_1,NA
291,595,1,2007,NC,CONTROL,7,NA,NA,2007_1,NA
291,595,1,2008,NC,CONTROL,-11,NA,NA,2008_1,NA
291,596,1,2006,NC,TREAT,-5,NA,NA,2006_1,NA
291,596,1,2007,NC,TREAT,7,868,238,2007_1,1
291,596,1,2008,NC,TREAT,-11,NA,NA,2008_1,NA
292,597,1,2006,NC,CONTROL,-17,NA,NA,2006_1,NA
292,597,1,2007,NC,CONTROL,-24,869,240,2007_1,1
292,597,1,2007,NC,CONTROL,-24,870,325,2007_1,1
292,597,1,2007,NC,CONTROL,-24,871,278,2007_1,1
292,597,1,2008,NC,CONTROL,-22,NA,NA,2008_1,NA
292,598,1,2006,NC,TREAT,-17,NA,NA,2006_1,NA
292,598,1,2007,NC,TREAT,-24,872,178,2007_1,1
292,598,1,2008,NC,TREAT,-22,NA,NA,2008_1,NA
293,599,1,2006,NC,CONTROL,-16,873,442,2006_1,1
293,599,1,2006,NC,CONTROL,-16,874,286,2006_1,1
293,599,1,2006,NC,CONTROL,-16,875,212,2006_1,1
293,599,1,2007,NC,CONTROL,-9,NA,NA,2007_1,NA
293,599,1,2008,NC,CONTROL,-20,NA,NA,2008_1,NA
293,600,1,2006,NC,TREAT,-16,NA,NA,2006_1,NA
293,600,1,2007,NC,TREAT,-9,NA,NA,2007_1,NA
293,600,1,2008,NC,TREAT,-20,NA,NA,2008_1,NA
294,601,1,2006,NC,CONTROL,-7,NA,NA,2006_1,NA
294,601,1,2007,NC,CONTROL,-2,NA,NA,2007_1,NA
294,601,1,2008,NC,CONTROL,-5,NA,NA,2008_1,NA
294,602,1,2006,NC,TREAT,-7,876,320,2006_1,1
294,602,1,2007,NC,TREAT,-3,NA,NA,2007_1,NA
294,602,1,2008,NC,TREAT,-5,NA,NA,2008_1,NA
295,603,1,2006,NC,CONTROL,-8,877,286,2006_1,1
295,603,1,2007,NC,CONTROL,-10,NA,NA,2007_1,NA
295,603,1,2008,NC,CONTROL,-7,NA,NA,2008_1,NA
295,604,1,2006,NC,TREAT,-8,NA,NA,2006_1,NA
295,604,1,2007,NC,TREAT,-10,NA,NA,2007_1,NA
295,604,1,2008,NC,TREAT,-7,NA,NA,2008_1,NA
296,605,1,2006,NC,CONTROL,-10,NA,NA,2006_1,NA
296,605,1,2007,NC,CONTROL,-9,NA,NA,2007_1,NA
296,605,1,2008,NC,CONTROL,-14,NA,NA,2008_1,NA
296,606,1,2006,NC,TREAT,-10,NA,NA,2006_1,NA
296,606,1,2007,NC,TREAT,-9,NA,NA,2007_1,NA
296,606,1,2008,NC,TREAT,-14,878,319,2008_1,1
297,607,1,2006,NC,CONTROL,-9,879,364,2006_1,1
297,607,1,2007,NC,CONTROL,-4,NA,NA,2007_1,NA
297,607,1,2008,NC,CONTROL,-11,880,340,2008_1,1
297,608,1,2006,NC,TREAT,-9,881,312,2006_1,1
297,608,1,2006,NC,TREAT,-9,882,388,2006_1,1
297,608,1,2007,NC,TREAT,-4,NA,NA,2007_1,NA
297,608,1,2008,NC,TREAT,-11,883,143,2008_1,1
297,608,1,2008,NC,TREAT,-11,884,288,2008_1,1
297,608,1,2008,NC,TREAT,-11,885,487,2008_1,1
298,609,1,2006,NC,CONTROL,-8,NA,NA,2006_1,NA
298,609,1,2007,NC,CONTROL,2,NA,NA,2007_1,NA
298,609,1,2008,NC,CONTROL,-13,NA,NA,2008_1,NA
298,610,1,2006,NC,TREAT,-8,886,400,2006_1,1
298,610,1,2007,NC,TREAT,2,NA,NA,2007_1,NA
298,610,1,2008,NC,TREAT,-13,887,275,2008_1,1
298,610,1,2008,NC,TREAT,-13,888,281,2008_1,1
298,610,1,2008,NC,TREAT,-13,889,225,2008_1,1
298,610,1,2008,NC,TREAT,-13,890,407,2008_1,1
298,610,1,2008,NC,TREAT,-13,891,249,2008_1,1
298,610,1,2008,NC,TREAT,-13,892,278,2008_1,1
299,611,1,2006,NC,CONTROL,-15,893,455,2006_1,1
299,611,1,2007,NC,CONTROL,-12,NA,NA,2007_1,NA
299,611,1,2008,NC,CONTROL,-1,NA,NA,2008_1,NA
299,612,1,2006,NC,TREAT,-15,894,345,2006_1,1
299,612,1,2007,NC,TREAT,-12,895,178,2007_1,1
299,612,1,2008,NC,TREAT,-1,NA,NA,2008_1,NA
300,613,1,2006,NC,CONTROL,-15,NA,NA,2006_1,NA
300,613,1,2007,NC,CONTROL,-19,NA,NA,2007_1,NA
300,613,1,2008,NC,CONTROL,-13,NA,NA,2008_1,NA
300,614,1,2006,NC,TREAT,-15,NA,NA,2006_1,NA
300,614,1,2007,NC,TREAT,-19,NA,NA,2007_1,NA
300,614,1,2008,NC,TREAT,-13,NA,NA,2008_1,NA
301,615,1,2006,NC,CONTROL,-17,896,68,2006_1,1
301,615,1,2007,NC,CONTROL,-20,NA,NA,2007_1,NA
301,615,1,2008,NC,CONTROL,2,NA,NA,2008_1,NA
301,616,1,2006,NC,TREAT,-17,897,195,2006_1,1
301,616,1,2006,NC,TREAT,-17,898,191,2006_1,1
301,616,1,2007,NC,TREAT,-20,NA,NA,2007_1,NA
301,616,1,2008,NC,TREAT,2,NA,NA,2008_1,NA
302,617,1,2006,NC,CONTROL,-10,NA,NA,2006_1,NA
302,617,1,2007,NC,CONTROL,-17,NA,NA,2007_1,NA
302,617,1,2008,NC,CONTROL,0,NA,NA,2008_1,NA
302,618,1,2006,NC,TREAT,-10,NA,NA,2006_1,NA
302,618,1,2007,NC,TREAT,-17,NA,NA,2007_1,NA
302,618,1,2008,NC,TREAT,0,NA,NA,2008_1,NA
303,619,1,2006,NC,CONTROL,-16,NA,NA,2006_1,NA
303,619,1,2007,NC,CONTROL,-19,NA,NA,2007_1,NA
303,619,1,2008,NC,CONTROL,1,899,437,2008_1,1
303,619,1,2008,NC,CONTROL,1,900,436,2008_1,1
303,620,1,2006,NC,TREAT,-16,NA,NA,2006_1,NA
303,620,1,2007,NC,TREAT,-19,NA,NA,2007_1,NA
303,620,1,2008,NC,TREAT,0,NA,NA,2008_1,NA
304,621,1,2006,NC,CONTROL,-18,NA,NA,2006_1,NA
304,621,1,2007,NC,CONTROL,-16,901,270,2007_1,1
304,621,1,2008,NC,CONTROL,3,NA,NA,2008_1,NA
304,622,1,2006,NC,TREAT,-18,NA,NA,2006_1,NA
304,622,1,2007,NC,TREAT,-16,NA,NA,2007_1,NA
304,622,1,2008,NC,TREAT,3,NA,NA,2008_1,NA
305,623,1,2006,NC,CONTROL,-17,NA,NA,2006_1,NA
305,623,1,2007,NC,CONTROL,-20,NA,NA,2007_1,NA
305,623,1,2008,NC,CONTROL,-19,NA,NA,2008_1,NA
305,624,1,2006,NC,TREAT,-17,NA,NA,2006_1,NA
305,624,1,2007,NC,TREAT,-20,NA,NA,2007_1,NA
305,624,1,2008,NC,TREAT,-19,NA,NA,2008_1,NA
306,625,1,2006,NC,CONTROL,-15,902,347,2006_1,1
306,625,1,2006,NC,CONTROL,-15,903,425,2006_1,1
306,625,1,2007,NC,CONTROL,-16,NA,NA,2007_1,NA
306,625,1,2008,NC,CONTROL,-19,904,418,2008_1,1
306,626,1,2006,NC,TREAT,-15,905,327,2006_1,1
306,626,1,2006,NC,TREAT,-15,906,138,2006_1,1
306,626,1,2007,NC,TREAT,-16,907,125,2007_1,1
306,626,1,2007,NC,TREAT,-16,908,75,2007_1,1
306,626,1,2007,NC,TREAT,-16,909,164,2007_1,1
306,626,1,2007,NC,TREAT,-16,910,190,2007_1,1
306,626,1,2008,NC,TREAT,-19,911,48,2008_1,1
306,626,1,2008,NC,TREAT,-19,912,432,2008_1,1
306,626,1,2008,NC,TREAT,-19,913,253,2008_1,1
307,627,1,2006,NC,CONTROL,-8,914,325,2006_1,1
307,627,1,2006,NC,CONTROL,-8,915,300,2006_1,1
307,627,1,2007,NC,CONTROL,-13,NA,NA,2007_1,NA
307,627,1,2008,NC,CONTROL,-11,NA,NA,2008_1,NA
307,628,1,2006,NC,TREAT,-8,NA,NA,2006_1,NA
307,628,1,2007,NC,TREAT,-18,NA,NA,2007_1,NA
307,628,1,2008,NC,TREAT,-11,NA,NA,2008_1,NA
308,629,1,2006,NC,CONTROL,-16,916,230,2006_1,1
308,629,1,2007,NC,CONTROL,-14,NA,NA,2007_1,NA
308,629,1,2008,NC,CONTROL,-20,NA,NA,2008_1,NA
308,630,1,2006,NC,TREAT,-16,NA,NA,2006_1,NA
308,630,1,2007,NC,TREAT,-14,917,167,2007_1,1
308,630,1,2007,NC,TREAT,-14,918,153,2007_1,1
308,630,1,2008,NC,TREAT,-20,NA,NA,2008_1,NA
309,631,1,2006,NC,CONTROL,-18,NA,NA,2006_1,NA
309,631,1,2007,NC,CONTROL,-18,919,155,2007_1,1
309,631,1,2008,NC,CONTROL,-18,NA,NA,2008_1,NA
309,632,1,2006,NC,TREAT,-18,NA,NA,2006_1,NA
309,632,1,2007,NC,TREAT,-18,NA,NA,2007_1,NA
309,632,1,2008,NC,TREAT,-18,NA,NA,2008_1,NA
310,633,1,2006,NC,CONTROL,-17,NA,NA,2006_1,NA
310,633,1,2007,NC,CONTROL,-20,NA,NA,2007_1,NA
310,633,1,2008,NC,CONTROL,-19,NA,NA,2008_1,NA
310,634,1,2006,NC,TREAT,-17,NA,NA,2006_1,NA
310,634,1,2007,NC,TREAT,-20,NA,NA,2007_1,NA
310,634,1,2008,NC,TREAT,-19,NA,NA,2008_1,NA
311,635,1,2006,NC,CONTROL,-16,NA,NA,2006_1,NA
311,635,1,2007,NC,CONTROL,-19,NA,NA,2007_1,NA
311,636,1,2006,NC,TREAT,-16,920,275,2006_1,1
311,636,1,2006,NC,TREAT,-16,921,130,2006_1,1
311,636,1,2007,NC,TREAT,-19,922,280,2007_1,1
311,636,1,2007,NC,TREAT,-19,923,105,2007_1,1
312,637,1,2006,NC,CONTROL,4,NA,NA,2006_1,NA
312,637,1,2007,NC,CONTROL,-23,NA,NA,2007_1,NA
312,637,1,2008,NC,CONTROL,-23,NA,NA,2008_1,NA
312,638,1,2006,NC,TREAT,4,NA,NA,2006_1,NA
312,638,1,2007,NC,TREAT,-23,NA,NA,2007_1,NA
312,638,1,2008,NC,TREAT,-23,NA,NA,2008_1,NA
313,639,1,2006,NC,CONTROL,-10,924,144,2006_1,1
313,639,1,2007,NC,CONTROL,10,NA,NA,2007_1,NA
313,639,1,2008,NC,CONTROL,-1,NA,NA,2008_1,NA
313,640,1,2006,NC,TREAT,-10,925,83,2006_1,1
313,640,1,2007,NC,TREAT,10,926,177,2007_1,1
313,640,1,2008,NC,TREAT,-1,NA,NA,2008_1,NA
314,641,1,2006,NC,CONTROL,-4,NA,NA,2006_1,NA
314,641,1,2007,NC,CONTROL,-9,NA,NA,2007_1,NA
314,641,1,2008,NC,CONTROL,-18,NA,NA,2008_1,NA
314,642,1,2006,NC,TREAT,-4,927,243,2006_1,1
314,642,1,2007,NC,TREAT,-9,NA,NA,2007_1,NA
314,642,1,2008,NC,TREAT,-18,NA,NA,2008_1,NA
315,643,1,2006,NC,CONTROL,-3,NA,NA,2006_1,NA
315,643,1,2007,NC,CONTROL,-7,NA,NA,2007_1,NA
315,643,1,2008,NC,CONTROL,-17,NA,NA,2008_1,NA
315,644,1,2006,NC,TREAT,-3,928,230,2006_1,1
315,644,1,2006,NC,TREAT,-3,929,210,2006_1,1
315,644,1,2007,NC,TREAT,-10,NA,NA,2007_1,NA
315,644,1,2008,NC,TREAT,-17,930,142,2008_1,1
316,645,1,2006,NC,CONTROL,-1,NA,NA,2006_1,NA
316,645,1,2007,NC,CONTROL,-11,NA,NA,2007_1,NA
316,645,1,2008,NC,CONTROL,-12,931,205,2008_1,1
316,645,1,2008,NC,CONTROL,-12,932,238,2008_1,1
316,646,1,2006,NC,TREAT,-1,933,370,2006_1,1
316,646,1,2007,NC,TREAT,-11,NA,NA,2007_1,NA
316,646,1,2008,NC,TREAT,-12,NA,NA,2008_1,NA
317,647,1,2006,NC,CONTROL,-9,NA,NA,2006_1,NA
317,647,1,2007,NC,CONTROL,-10,NA,NA,2007_1,NA
317,647,1,2008,NC,CONTROL,-8,NA,NA,2008_1,NA
317,648,1,2006,NC,TREAT,-9,NA,NA,2006_1,NA
317,648,1,2007,NC,TREAT,-10,NA,NA,2007_1,NA
317,648,1,2008,NC,TREAT,-8,NA,NA,2008_1,NA
402,733,1,2006,TN,CONTROL,13,934,357,2006_1,1
402,733,1,2006,TN,CONTROL,13,935,275,2006_1,1
402,733,1,2007,TN,CONTROL,10,NA,NA,2007_1,NA
402,733,1,2008,TN,CONTROL,-7,936,158,2008_1,1
402,734,1,2006,TN,TREAT,13,937,187,2006_1,1
402,734,1,2007,TN,TREAT,10,938,176,2007_1,1
402,734,1,2007,TN,TREAT,10,939,225,2007_1,1
402,734,1,2008,TN,TREAT,-7,940,171,2008_1,1
403,735,1,2006,TN,CONTROL,5,NA,NA,2006_1,NA
403,735,1,2007,TN,CONTROL,11,NA,NA,2007_1,NA
403,735,1,2008,TN,CONTROL,0,941,330,2008_1,1
403,736,1,2006,TN,TREAT,5,NA,NA,2006_1,NA
403,736,1,2007,TN,TREAT,11,942,136,2007_1,1
403,736,1,2007,TN,TREAT,11,943,151,2007_1,1
403,736,1,2007,TN,TREAT,11,944,134,2007_1,1
403,736,1,2008,TN,TREAT,0,945,70,2008_1,1
403,736,1,2008,TN,TREAT,0,946,202,2008_1,1
403,736,1,2008,TN,TREAT,0,947,91,2008_1,1
404,737,1,2006,TN,CONTROL,0,NA,NA,2006_1,NA
404,737,1,2007,TN,CONTROL,-6,NA,NA,2007_1,NA
404,737,1,2008,TN,CONTROL,-18,NA,NA,2008_1,NA
404,738,1,2006,TN,TREAT,0,NA,NA,2006_1,NA
404,738,1,2007,TN,TREAT,-16,948,373,2007_1,1
404,738,1,2007,TN,TREAT,-16,949,297,2007_1,1
404,738,1,2007,TN,TREAT,-16,950,496,2007_1,1
404,738,1,2008,TN,TREAT,-18,951,326,2008_1,1
404,738,1,2008,TN,TREAT,-18,952,311,2008_1,1
405,739,1,2006,TN,CONTROL,13,NA,NA,2006_1,NA
405,739,1,2007,TN,CONTROL,11,NA,NA,2007_1,NA
405,739,1,2008,TN,CONTROL,-2,NA,NA,2008_1,NA
405,740,1,2006,TN,TREAT,13,NA,NA,2006_1,NA
405,740,1,2007,TN,TREAT,11,NA,NA,2007_1,NA
405,740,1,2008,TN,TREAT,-21,953,161,2008_1,1
405,740,2,2008,TN,TREAT,-2,NA,NA,2008_2,NA
406,741,1,2006,TN,CONTROL,4,NA,NA,2006_1,NA
406,741,1,2007,TN,CONTROL,-6,NA,NA,2007_1,NA
406,741,1,2008,TN,CONTROL,-18,954,261,2008_1,1
406,742,1,2006,TN,TREAT,4,NA,NA,2006_1,NA
406,742,1,2007,TN,TREAT,-6,NA,NA,2007_1,NA
406,742,1,2008,TN,TREAT,-18,NA,NA,2008_1,NA
407,743,1,2006,TN,CONTROL,-18,NA,NA,2006_1,NA
407,743,1,2007,TN,CONTROL,-26,955,454,2007_1,1
407,743,1,2007,TN,CONTROL,-26,956,331,2007_1,1
407,743,1,2007,TN,CONTROL,-26,957,409,2007_1,1
407,743,1,2008,TN,CONTROL,7,NA,NA,2008_1,NA
407,744,1,2006,TN,TREAT,-18,NA,NA,2006_1,NA
407,744,1,2007,TN,TREAT,-26,958,380,2007_1,1
407,744,1,2008,TN,TREAT,7,NA,NA,2008_1,NA
367,745,1,2006,TN,CONTROL,5,NA,NA,2006_1,NA
367,745,1,2008,TN,CONTROL,14,NA,NA,2008_1,NA
367,746,1,2006,TN,TREAT,5,959,311,2006_1,1
367,746,1,2008,TN,TREAT,14,NA,NA,2008_1,NA
368,747,1,2006,TN,CONTROL,-17,NA,NA,2006_1,NA
368,747,1,2007,TN,CONTROL,-17,960,434,2007_1,1
368,747,1,2008,TN,CONTROL,1,NA,NA,2008_1,NA
368,748,1,2006,TN,TREAT,-17,NA,NA,2006_1,NA
368,748,1,2007,TN,TREAT,-17,NA,NA,2007_1,NA
368,748,1,2008,TN,TREAT,1,961,121,2008_1,1
368,748,1,2008,TN,TREAT,1,962,202,2008_1,1
369,749,1,2006,TN,CONTROL,5,NA,NA,2006_1,NA
369,749,1,2007,TN,CONTROL,-5,NA,NA,2007_1,NA
369,749,1,2008,TN,CONTROL,6,NA,NA,2008_1,NA
369,750,1,2006,TN,TREAT,5,NA,NA,2006_1,NA
369,750,1,2007,TN,TREAT,-5,NA,NA,2007_1,NA
369,750,1,2008,TN,TREAT,6,NA,NA,2008_1,NA
370,751,1,2006,TN,CONTROL,10,963,466,2006_1,1
370,751,1,2006,TN,CONTROL,10,964,163,2006_1,1
370,751,1,2006,TN,CONTROL,10,965,173,2006_1,1
370,751,1,2008,TN,CONTROL,-19,966,318,2008_1,1
370,751,1,2008,TN,CONTROL,-19,967,223,2008_1,1
370,752,1,2006,TN,TREAT,10,NA,NA,2006_1,NA
370,752,1,2006,TN,TREAT,10,968,228,2006_1,1
370,752,1,2008,TN,TREAT,-19,NA,NA,2008_1,NA
371,753,1,2006,TN,CONTROL,-17,NA,NA,2006_1,NA
371,753,1,2007,TN,CONTROL,9,NA,NA,2007_1,NA
371,753,1,2008,TN,CONTROL,-3,NA,NA,2008_1,NA
371,754,1,2006,TN,TREAT,-17,969,216,2006_1,1
371,754,1,2007,TN,TREAT,9,NA,NA,2007_1,NA
371,754,1,2008,TN,TREAT,-3,970,251,2008_1,1
372,755,1,2006,TN,CONTROL,4,NA,NA,2006_1,NA
372,755,1,2007,TN,CONTROL,10,NA,NA,2007_1,NA
372,755,1,2008,TN,CONTROL,-2,NA,NA,2008_1,NA
372,756,1,2006,TN,TREAT,4,971,269,2006_1,1
372,756,1,2007,TN,TREAT,10,NA,NA,2007_1,NA
372,756,1,2008,TN,TREAT,-2,972,239,2008_1,1
373,757,1,2006,TN,CONTROL,-18,973,92,2006_1,1
373,757,1,2006,TN,CONTROL,-18,974,442,2006_1,1
373,757,1,2007,TN,CONTROL,-18,975,387,2007_1,1
373,757,1,2008,TN,CONTROL,-19,NA,NA,2008_1,NA
373,758,1,2006,TN,TREAT,-18,NA,NA,2006_1,NA
373,758,1,2007,TN,TREAT,-18,NA,NA,2007_1,NA
373,758,1,2008,TN,TREAT,-19,NA,NA,2008_1,NA
373,758,2,2008,TN,TREAT,15,976,188,2008_2,1
374,759,1,2006,TN,CONTROL,10,NA,NA,2006_1,NA
374,759,1,2007,TN,CONTROL,-9,NA,NA,2007_1,NA
374,759,1,2008,TN,CONTROL,-20,NA,NA,2008_1,NA
374,760,1,2006,TN,TREAT,10,NA,NA,2006_1,NA
374,760,1,2007,TN,TREAT,-9,NA,NA,2007_1,NA
374,760,1,2008,TN,TREAT,-20,NA,NA,2008_1,NA
375,761,1,2006,TN,CONTROL,14,NA,NA,2006_1,NA
375,761,1,2007,TN,CONTROL,-17,NA,NA,2007_1,NA
375,761,1,2008,TN,CONTROL,-18,NA,NA,2008_1,NA
375,762,1,2006,TN,TREAT,14,NA,NA,2006_1,NA
375,762,1,2007,TN,TREAT,-17,NA,NA,2007_1,NA
375,762,1,2008,TN,TREAT,-18,977,468,2008_1,1
375,762,1,2008,TN,TREAT,-18,978,276,2008_1,1
376,763,1,2006,TN,CONTROL,3,NA,NA,2006_1,NA
376,763,1,2007,TN,CONTROL,9,NA,NA,2007_1,NA
376,764,1,2006,TN,TREAT,3,979,415,2006_1,1
376,764,1,2007,TN,TREAT,9,NA,NA,2007_1,NA
377,765,1,2006,TN,CONTROL,4,NA,NA,2006_1,NA
377,765,1,2007,TN,CONTROL,10,NA,NA,2007_1,NA
377,765,1,2008,TN,CONTROL,15,NA,NA,2008_1,NA
377,765,2,2008,TN,CONTROL,16,NA,NA,2008_2,NA
377,766,1,2006,TN,TREAT,4,NA,NA,2006_1,NA
377,766,1,2007,TN,TREAT,10,980,53,2007_1,1
377,766,1,2007,TN,TREAT,10,981,116,2007_1,1
377,766,1,2008,TN,TREAT,15,NA,NA,2008_1,NA
377,766,2,2008,TN,TREAT,16,NA,NA,2008_2,NA
378,767,1,2006,TN,CONTROL,8,NA,NA,2006_1,NA
378,767,1,2007,TN,CONTROL,-10,NA,NA,2007_1,NA
378,768,1,2006,TN,TREAT,8,NA,NA,2006_1,NA
378,768,1,2007,TN,TREAT,-10,NA,NA,2007_1,NA
379,769,1,2006,TN,CONTROL,14,NA,NA,2006_1,NA
379,769,1,2007,TN,CONTROL,-13,NA,NA,2007_1,NA
379,769,1,2008,TN,CONTROL,-22,NA,NA,2008_1,NA
379,770,1,2006,TN,TREAT,14,NA,NA,2006_1,NA
379,770,1,2007,TN,TREAT,-13,982,59,2007_1,1
379,770,1,2007,TN,TREAT,-13,983,136,2007_1,1
379,770,1,2008,TN,TREAT,-22,984,24,2008_1,1
379,770,1,2008,TN,TREAT,-22,985,40,2008_1,1
380,771,1,2006,TN,CONTROL,14,NA,NA,2006_1,NA
380,771,1,2007,TN,CONTROL,11,NA,NA,2007_1,NA
380,771,1,2008,TN,CONTROL,-1,NA,NA,2008_1,NA
380,772,1,2006,TN,TREAT,14,NA,NA,2006_1,NA
380,772,1,2007,TN,TREAT,11,986,188,2007_1,1
380,772,1,2008,TN,TREAT,-1,987,304,2008_1,1
381,773,1,2006,TN,CONTROL,-13,NA,NA,2006_1,NA
381,773,1,2007,TN,CONTROL,-7,988,124,2007_1,1
381,773,2,2007,TN,CONTROL,12,989,200,2007_2,1
381,773,1,2008,TN,CONTROL,-11,NA,NA,2008_1,NA
381,774,1,2006,TN,TREAT,-13,990,221,2006_1,1
381,774,1,2006,TN,TREAT,-13,991,84,2006_1,1
381,774,1,2007,TN,TREAT,-7,992,200,2007_1,1
381,774,2,2007,TN,TREAT,12,993,204,2007_2,1
381,774,2,2007,TN,TREAT,12,994,354,2007_2,1
381,774,1,2008,TN,TREAT,-11,995,195,2008_1,1
381,774,1,2008,TN,TREAT,-11,996,308,2008_1,1
382,775,1,2008,TN,CONTROL,7,NA,NA,2008_1,NA
382,776,1,2008,TN,TREAT,7,NA,NA,2008_1,NA
383,777,1,2006,TN,CONTROL,4,NA,NA,2006_1,NA
383,777,1,2008,TN,CONTROL,8,NA,NA,2008_1,NA
383,778,1,2006,TN,TREAT,4,NA,NA,2006_1,NA
383,778,1,2008,TN,TREAT,8,NA,NA,2008_1,NA
384,779,1,2006,TN,CONTROL,-17,NA,NA,2006_1,NA
384,779,1,2007,TN,CONTROL,-11,NA,NA,2007_1,NA
384,779,1,2008,TN,CONTROL,1,NA,NA,2008_1,NA
384,780,1,2006,TN,TREAT,-17,997,246,2006_1,1
384,780,1,2007,TN,TREAT,-11,NA,NA,2007_1,NA
384,780,1,2008,TN,TREAT,1,NA,NA,2008_1,NA
385,781,1,2006,TN,CONTROL,-17,NA,NA,2006_1,NA
385,781,1,2007,TN,CONTROL,9,NA,NA,2007_1,NA
385,781,1,2008,TN,CONTROL,-7,NA,NA,2008_1,NA
385,782,1,2006,TN,TREAT,-17,998,160,2006_1,1
385,782,1,2006,TN,TREAT,-17,999,185,2006_1,1
385,782,1,2006,TN,TREAT,-17,1000,260,2006_1,1
385,782,1,2007,TN,TREAT,9,NA,NA,2007_1,NA
385,782,1,2008,TN,TREAT,-7,NA,NA,2008_1,NA
386,783,1,2006,TN,CONTROL,5,NA,NA,2006_1,NA
386,783,1,2007,TN,CONTROL,10,NA,NA,2007_1,NA
386,783,1,2008,TN,CONTROL,-3,NA,NA,2008_1,NA
386,784,1,2006,TN,TREAT,5,NA,NA,2006_1,NA
386,784,1,2007,TN,TREAT,10,NA,NA,2007_1,NA
386,784,1,2008,TN,TREAT,-3,NA,NA,2008_1,NA
387,785,1,2006,TN,CONTROL,5,NA,NA,2006_1,NA
387,785,1,2007,TN,CONTROL,10,1001,107,2007_1,1
387,785,1,2008,TN,CONTROL,9,1002,240,2008_1,1
387,785,1,2008,TN,CONTROL,9,1003,273,2008_1,1
387,786,1,2006,TN,TREAT,5,NA,NA,2006_1,NA
387,786,1,2007,TN,TREAT,10,NA,NA,2007_1,NA
387,786,1,2008,TN,TREAT,9,NA,NA,2008_1,NA
388,787,1,2006,TN,CONTROL,4,NA,NA,2006_1,NA
388,787,1,2007,TN,CONTROL,9,NA,NA,2007_1,NA
388,787,1,2008,TN,CONTROL,8,NA,NA,2008_1,NA
388,788,1,2006,TN,TREAT,4,NA,NA,2006_1,NA
388,788,1,2007,TN,TREAT,9,NA,NA,2007_1,NA
388,788,1,2008,TN,TREAT,8,NA,NA,2008_1,NA
389,789,1,2006,TN,CONTROL,-10,NA,NA,2006_1,NA
389,789,1,2008,TN,CONTROL,13,NA,NA,2008_1,NA
389,790,1,2006,TN,TREAT,-10,1004,316,2006_1,1
389,790,1,2008,TN,TREAT,13,1005,320,2008_1,1
390,791,1,2006,TN,CONTROL,-1,NA,NA,2006_1,NA
390,792,1,2006,TN,TREAT,-1,1006,199,2006_1,1
391,793,1,2006,TN,CONTROL,2,NA,NA,2006_1,NA
391,793,1,2007,TN,CONTROL,5,NA,NA,2007_1,NA
391,794,1,2006,TN,TREAT,2,1007,134,2006_1,1
391,794,1,2007,TN,TREAT,5,NA,NA,2007_1,NA
392,795,1,2006,TN,CONTROL,8,NA,NA,2006_1,NA
392,795,1,2007,TN,CONTROL,-10,NA,NA,2007_1,NA
392,796,1,2006,TN,TREAT,8,NA,NA,2006_1,NA
392,796,1,2007,TN,TREAT,-10,1008,271,2007_1,1
392,796,1,2008,TN,TREAT,-10,1009,271,2008_1,1
393,797,1,2006,TN,CONTROL,-7,NA,NA,2006_1,NA
393,797,1,2007,TN,CONTROL,-18,NA,NA,2007_1,NA
393,797,1,2008,TN,CONTROL,7,NA,NA,2008_1,NA
393,798,1,2006,TN,TREAT,-7,NA,NA,2006_1,NA
393,798,1,2007,TN,TREAT,-18,1010,63,2007_1,1
393,798,1,2008,TN,TREAT,7,NA,NA,2008_1,NA
394,799,1,2006,TN,CONTROL,10,NA,NA,2006_1,NA
394,799,1,2007,TN,CONTROL,-18,NA,NA,2007_1,NA
394,800,1,2006,TN,TREAT,10,NA,NA,2006_1,NA
394,800,1,2007,TN,TREAT,-18,NA,NA,2007_1,NA
395,801,1,2006,TN,CONTROL,13,NA,NA,2006_1,NA
395,802,1,2006,TN,TREAT,13,1011,185,2006_1,1
396,803,1,2006,TN,CONTROL,-16,1012,221,2006_1,1
396,803,1,2006,TN,CONTROL,-16,1013,245,2006_1,1
396,803,1,2007,TN,CONTROL,8,1014,233,2007_1,1
396,803,1,2008,TN,CONTROL,-1,NA,NA,2008_1,NA
396,804,1,2006,TN,TREAT,-16,1015,209,2006_1,1
396,804,1,2006,TN,TREAT,-16,1016,337,2006_1,1
396,804,1,2007,TN,TREAT,8,NA,NA,2007_1,NA
396,804,1,2008,TN,TREAT,-1,NA,NA,2008_1,NA
397,805,1,2006,TN,CONTROL,-6,NA,NA,2006_1,NA
397,805,1,2007,TN,CONTROL,7,NA,NA,2007_1,NA
397,805,1,2008,TN,CONTROL,0,NA,NA,2008_1,NA
397,806,1,2006,TN,TREAT,-6,NA,NA,2006_1,NA
397,806,1,2007,TN,TREAT,7,1017,362,2007_1,1
397,806,1,2008,TN,TREAT,0,NA,NA,2008_1,NA
398,807,1,2006,TN,CONTROL,13,NA,NA,2006_1,NA
398,807,1,2007,TN,CONTROL,-4,NA,NA,2007_1,NA
398,807,1,2008,TN,CONTROL,10,1018,251,2008_1,1
398,808,1,2006,TN,TREAT,13,NA,NA,2006_1,NA
398,808,1,2007,TN,TREAT,-4,NA,NA,2007_1,NA
398,808,1,2008,TN,TREAT,10,1019,385,2008_1,1
399,809,1,2006,TN,CONTROL,9,NA,NA,2006_1,NA
399,809,1,2007,TN,CONTROL,1,NA,NA,2007_1,NA
399,809,1,2008,TN,CONTROL,-3,NA,NA,2008_1,NA
399,810,1,2006,TN,TREAT,9,NA,NA,2006_1,NA
399,810,1,2007,TN,TREAT,1,NA,NA,2007_1,NA
399,810,1,2008,TN,TREAT,-3,NA,NA,2008_1,NA
400,811,1,2006,TN,CONTROL,14,1020,361,2006_1,1
400,812,1,2006,TN,TREAT,14,NA,NA,2006_1,NA
400,812,1,2006,TN,TREAT,14,1021,140,2006_1,1
401,813,1,2006,TN,CONTROL,-7,1022,207,2006_1,1
401,813,1,2006,TN,CONTROL,-7,1023,253,2006_1,1
401,813,1,2007,TN,CONTROL,-9,NA,NA,2007_1,NA
401,813,1,2008,TN,CONTROL,-20,NA,NA,2008_1,NA
401,814,1,2006,TN,TREAT,-7,NA,NA,2006_1,NA
401,814,1,2007,TN,TREAT,-9,NA,NA,2007_1,NA
401,814,1,2008,TN,TREAT,-20,NA,NA,2008_1,NA
